ticket;symbol;test_type;strategy_version;direction;entry_time;exit_time;entry_price;exit_price;stop_loss;take_profit;profit;profit_r;exit_reason;volume_pass;volume_ratio;htf_aligned;m15_aligned;bos_pass;atr_pass;ranging_market;is_trend;is_strong_trend;is_weak_trend;is_range;is_chop;is_high_vol;is_low_vol;is_normal_vol;is_breakout;is_pullback;is_spread_stress;trend_direction;atr_value;atr_average;atr_ratio;ma_fast;ma_slow;ma_distance;ma_distance_atr_ratio;candle_range;candle_range_atr_ratio;volume_value;volume_average;spread_pips;slippage_pips;risk_distance;risk_atr_ratio;stop_distance_pips;stop_atr_ratio;momentum_value;rr_ratio;spread_spike;stop_too_close;entry_problem;entry_problem_reason;execution_problem;execution_error_code;execution_error_message;setup_allowed;reject_reason;hit_tp;hit_sl;session;hour;day_of_week
1;AUDUSD;FORWARD;v1.0;BUY;2025-01-03 07:00:00;2025-01-03 08:21:02;0.62169;0.62033;0.62033;0.62577;-199.92;-1.0000;STOP_LOSS;true;2.7238;true;true;false;true;false;true;false;false;false;false;false;0.8078;2.1493;2.7238;1.00;0.00;LONDON;7;5;true;false;false;true;false;UP;0.00037;0.00045;0.62149;0.62070;0.00078;0.00050;1.3699;286.00;105.00;0.40;0.00136;3.7260;1.00;99.8665;3.00;true;;false;13.60;false;false;;false;0;BACKTEST_IMPORT;3.7260;false;true
2;AUDUSD;FORWARD;v1.0;BUY;2025-01-03 08:25:00;2025-01-03 16:01:40;0.62088;0.62088;0.62088;0.62445;0.00;0.0000;STOP_LOSS;false;1.0407;true;true;false;true;false;true;false;false;false;false;false;0.9294;0.8433;1.0407;1.00;0.00;NEW_YORK;8;5;true;false;false;true;false;UP;0.00040;0.00043;0.62180;0.62146;0.00034;0.00074;1.8336;179.00;172.00;0.40;0.00000;0.0000;1.00;100.0097;0.00;true;;false;0.00;false;false;;false;0;BACKTEST_IMPORT;0.0000;false;true
3;AUDUSD;FORWARD;v1.0;BUY;2025-01-03 16:05:00;2025-01-03 16:17:30;0.62133;0.62018;0.62018;0.62478;-195.50;-1.0000;STOP_LOSS;true;1.4857;true;true;false;true;false;true;false;false;false;false;false;1.0719;0.6097;1.4857;1.00;0.00;NEW_YORK;16;5;false;true;false;true;false;UP;0.00047;0.00044;0.62174;0.62146;0.00028;0.00121;2.5902;312.00;210.00;0.40;0.00115;2.4618;1.00;99.8102;3.00;true;;false;11.50;false;false;;false;0;BACKTEST_IMPORT;2.4618;false;true
4;AUDUSD;FORWARD;v1.0;BUY;2025-01-03 16:25:00;2025-01-06 01:56:30;0.62022;0.62310;0.62022;0.62310;565.27;0.0000;TAKE_PROFIT;false;1.0865;true;true;true;true;false;false;false;false;false;false;false;1.1205;0.2761;1.0865;1.00;0.00;ASIA;16;5;false;false;false;true;false;UP;0.00051;0.00045;0.62162;0.62148;0.00014;0.00065;1.2835;113.00;104.00;0.40;0.00000;0.0000;1.00;100.1334;0.00;true;;false;0.00;false;false;;false;0;BACKTEST_IMPORT;0.0000;true;false
5;AUDUSD;FORWARD;v1.0;BUY;2025-01-06 02:00:00;2025-01-07 21:22:27;0.62320;0.62320;0.62320;0.63265;-1.14;0.0000;STOP_LOSS;false;0.8522;true;false;false;false;false;true;false;false;false;false;false;1.0113;3.1555;0.8522;1.00;0.00;OFF_HOURS;2;1;true;false;false;true;false;DOWN;0.00062;0.00061;0.62423;0.62618;0.00195;0.00066;1.0682;98.00;115.00;0.40;0.00000;0.0000;1.00;99.9038;0.00;true;;false;0.00;false;false;;false;0;BACKTEST_IMPORT;0.0000;false;true
6;AUDUSD;FORWARD;v1.0;BUY;2025-01-14 08:00:00;2025-01-14 13:07:20;0.61920;0.61759;0.61759;0.62403;-202.86;-1.0000;STOP_LOSS;true;1.5044;true;true;false;true;false;true;false;false;false;false;false;0.8766;1.0578;1.5044;1.00;0.00;NEW_YORK;8;2;true;false;false;true;false;UP;0.00049;0.00056;0.61917;0.61866;0.00052;0.00052;1.0643;170.00;113.00;0.40;0.00161;3.2953;1.00;99.8836;3.00;true;;false;16.10;false;false;;false;0;BACKTEST_IMPORT;3.2953;false;true
7;AUDUSD;FORWARD;v1.0;BUY;2025-01-14 13:10:00;2025-01-14 13:19:04;0.61744;0.61673;0.61673;0.61957;-198.80;-1.0000;STOP_LOSS;true;1.4524;true;true;false;true;false;true;false;false;false;false;false;0.9427;0.7677;1.4524;1.00;0.00;NEW_YORK;13;2;true;false;false;true;false;UP;0.00052;0.00055;0.61907;0.61867;0.00040;0.00123;2.3557;183.00;126.00;0.40;0.00071;1.3598;1.00;99.7462;3.00;true;;false;7.10;false;false;;false;0;BACKTEST_IMPORT;1.3598;false;true
8;AUDUSD;FORWARD;v1.0;BUY;2025-01-14 13:20:00;2025-01-14 14:30:38;0.61683;0.61908;0.61608;0.61908;585.00;3.0000;TAKE_PROFIT;true;1.1959;true;false;false;true;false;true;false;false;false;false;false;0.9845;0.5207;1.1959;1.00;0.00;NEW_YORK;13;2;false;true;false;true;false;DOWN;0.00052;0.00053;0.61842;0.61869;0.00027;0.00080;1.5259;177.00;148.00;0.40;0.00075;1.4305;1.00;100.0000;3.00;true;;false;7.50;false;false;;false;0;BACKTEST_IMPORT;1.4305;true;false
9;AUDUSD;FORWARD;v1.0;BUY;2025-01-14 20:30:00;2025-01-16 14:29:45;0.61907;0.61907;0.61907;0.62474;-3.90;0.0000;STOP_LOSS;true;1.3087;true;false;false;false;false;true;false;false;false;false;false;0.8125;1.0338;1.3087;1.00;0.00;NEW_YORK;20;2;true;false;false;true;false;DOWN;0.00043;0.00053;0.62103;0.62148;0.00045;0.00051;1.1821;195.00;149.00;0.40;0.00000;0.0000;1.00;99.8147;0.00;true;;false;0.00;false;false;;false;0;BACKTEST_IMPORT;0.0000;false;true
10;AUDUSD;FORWARD;v1.0;BUY;2025-01-16 18:30:00;2025-01-16 22:00:36;0.62280;0.62081;0.62081;0.62877;-206.96;-1.0000;STOP_LOSS;false;1.0467;true;true;false;false;false;true;false;false;true;false;false;0.7146;1.0179;1.0467;1.00;0.00;OFF_HOURS;18;4;true;false;false;false;false;UP;0.00042;0.00058;0.62160;0.62118;0.00043;0.00039;0.9333;112.00;107.00;0.40;0.00199;4.7624;1.00;99.9372;3.00;true;;false;19.90;false;false;;false;0;BACKTEST_IMPORT;4.7624;false;true
11;AUDUSD;FORWARD;v1.0;BUY;2025-01-16 22:05:00;2025-01-17 04:25:06;0.62094;0.62094;0.62094;0.62301;-5.24;1.0000;STOP_LOSS;false;0.6916;true;false;false;true;false;false;true;false;false;false;false;0.8086;0.0923;0.6916;1.00;0.00;ASIA;22;4;false;false;false;true;false;DOWN;0.00041;0.00051;0.62107;0.62111;0.00004;0.00039;0.9430;74.00;107.00;0.40;0.00000;0.0000;1.00;99.9356;18644902457314.00;true;;false;0.00;false;false;;false;0;BACKTEST_IMPORT;0.0000;false;true
12;AUDUSD;FORWARD;v1.0;BUY;2025-01-20 15:00:00;2025-02-02 23:01:00;0.62659;0.61944;0.61944;0.64804;-206.71;-1.0000;STOP_LOSS;true;1.9200;false;true;false;true;false;false;true;false;false;false;false;1.1708;0.1607;1.9200;1.00;0.00;OFF_HOURS;15;1;false;false;true;true;false;UP;0.00087;0.00074;0.62251;0.62237;0.00014;0.00059;0.6804;432.00;225.00;0.40;0.00715;8.2455;1.00;99.8392;3.00;true;;false;71.50;false;false;;false;0;BACKTEST_IMPORT;8.2455;false;true
13;AUDUSD;FORWARD;v1.0;BUY;2025-02-04 12:30:00;2025-02-04 16:33:38;0.62112;0.62472;0.62112;0.62472;594.00;0.0000;TAKE_PROFIT;false;1.0769;true;true;true;true;false;true;false;false;false;false;false;1.0466;1.5821;1.0769;1.00;0.00;NEW_YORK;12;2;true;false;false;true;false;UP;0.00062;0.00059;0.62164;0.62067;0.00097;0.00116;1.8862;280.00;260.00;0.40;0.00000;0.0000;1.00;100.3455;0.00;true;;false;0.00;false;false;;false;0;BACKTEST_IMPORT;0.0000;true;false
14;AUDUSD;FORWARD;v1.0;BUY;2025-02-04 16:35:00;2025-02-09 23:01:00;0.62473;0.62473;0.62473;0.63772;-4.29;0.0000;STOP_LOSS;true;4.3152;true;false;false;true;true;true;false;false;true;false;false;0.5884;2.2289;4.3152;1.00;0.00;OFF_HOURS;16;2;true;false;false;false;false;DOWN;0.00041;0.00069;0.62700;0.62791;0.00091;0.00085;2.0877;397.00;92.00;0.40;0.00000;0.0000;1.00;100.0431;0.00;true;;false;0.00;false;false;;false;0;BACKTEST_IMPORT;0.0000;false;true
15;AUDUSD;FORWARD;v1.0;BUY;2025-02-11 00:00:00;2025-02-11 03:39:15;0.62798;0.62638;0.62638;0.63278;-209.60;-1.0000;STOP_LOSS;false;1.0569;false;false;false;true;false;true;false;false;false;false;false;1.0298;0.7150;1.0569;1.00;0.00;ASIA;0;2;false;true;false;true;false;DOWN;0.00042;0.00041;0.62735;0.62765;0.00030;0.00032;0.7555;130.00;123.00;0.40;0.00160;3.7774;1.00;99.8677;3.00;true;;false;16.00;false;false;;false;0;BACKTEST_IMPORT;3.7774;false;true
16;AUDUSD;FORWARD;v1.0;BUY;2025-02-11 10:00:00;2025-02-12 09:52:30;0.62825;0.62825;0.62825;0.63254;-2.57;0.0000;STOP_LOSS;false;0.9097;true;false;false;true;false;true;false;false;false;false;false;1.0448;0.6626;0.9097;1.00;0.00;LONDON;10;2;false;true;false;true;false;DOWN;0.00040;0.00038;0.62910;0.62937;0.00026;0.00031;0.7806;141.00;155.00;0.40;0.00000;0.0000;1.00;99.9571;0.00;true;;false;0.00;false;false;;false;0;BACKTEST_IMPORT;0.0000;false;true
17;AUDUSD;FORWARD;v1.0;BUY;2025-02-12 20:45:00;2025-02-12 22:00:38;0.62856;0.62786;0.62786;0.63066;-205.80;-1.0000;STOP_LOSS;true;1.2750;true;true;false;false;true;true;false;false;false;false;true;0.7969;1.3875;1.2750;1.00;0.00;OFF_HOURS;20;3;true;false;false;true;false;UP;0.00053;0.00067;0.62863;0.62789;0.00074;0.00032;0.6022;153.00;120.00;0.40;0.00070;1.3172;1.00;99.9873;3.00;true;;false;7.00;false;false;;false;0;BACKTEST_IMPORT;1.3172;false;true
18;AUDUSD;FORWARD;v1.0;BUY;2025-02-12 22:05:00;2025-02-12 23:01:00;0.62824;0.62725;0.62725;0.63121;-201.96;-1.0000;STOP_LOSS;true;1.6022;true;true;false;true;false;true;false;false;true;false;true;0.5512;2.6363;1.6022;1.00;0.00;OFF_HOURS;22;3;true;false;false;false;false;UP;0.00037;0.00067;0.62879;0.62782;0.00097;0.00018;0.4884;149.00;93.00;0.40;0.00099;2.6860;1.00;99.8823;3.00;true;;false;9.90;false;false;;false;0;BACKTEST_IMPORT;2.6860;false;true
19;AUDUSD;FORWARD;v1.0;BUY;2025-02-12 23:05:00;2025-02-13 09:04:40;0.62792;0.62792;0.62792;0.63233;-2.40;0.0000;STOP_LOSS;false;1.0970;false;true;false;true;false;true;false;false;false;false;false;0.9599;1.0487;1.0970;1.00;0.00;LONDON;23;3;true;false;false;true;false;UP;0.00044;0.00045;0.62906;0.62860;0.00046;0.00051;1.1724;181.00;165.00;0.40;0.00000;0.0000;1.00;99.8982;0.00;true;;false;0.00;false;false;;false;0;BACKTEST_IMPORT;0.0000;false;true
20;AUDUSD;FORWARD;v1.0;BUY;2025-02-14 00:00:00;2025-02-14 05:30:00;0.63160;0.63201;0.63160;0.63463;79.95;3692951694444.0000;MANUAL_OR_OTHER;false;1.0119;true;true;false;true;false;true;false;false;true;false;false;0.6492;3.8991;1.0119;1.00;0.00;ASIA;0;5;true;false;false;false;false;UP;0.00040;0.00061;0.63197;0.63042;0.00155;0.00041;1.0324;85.00;84.00;0.40;0.00000;0.0000;1.00;99.9937;27291813741866.00;true;;false;0.00;false;false;;false;0;BACKTEST_IMPORT;0.0000;false;false
21;AUDUSD;FORWARD;v1.0;BUY;2025-02-14 05:30:00;2025-02-14 10:21:30;0.63211;0.63409;0.63211;0.63409;597.96;0.0000;TAKE_PROFIT;false;0.8786;true;true;true;true;false;true;false;false;false;false;false;1.0801;1.4955;0.8786;1.00;0.00;LONDON;5;5;true;false;false;true;false;UP;0.00050;0.00047;0.63251;0.63176;0.00075;0.00076;1.5071;152.00;173.00;0.40;0.00000;0.0000;1.00;100.0979;0.00;true;;false;0.00;false;false;;false;0;BACKTEST_IMPORT;0.0000;true;false
22;AUDUSD;FORWARD;v1.0;BUY;2025-02-14 10:25:00;2025-02-25 00:02:04;0.63429;0.63429;0.63429;0.64401;-12.78;0.0000;STOP_LOSS;true;2.0851;false;false;false;true;false;true;false;false;false;false;false;0.8342;1.6532;2.0851;1.00;0.00;ASIA;10;5;true;false;false;true;false;DOWN;0.00039;0.00047;0.63528;0.63593;0.00065;0.00042;1.0672;98.00;47.00;0.40;0.00000;0.0000;1.00;99.9653;0.00;true;;false;0.00;false;false;;false;0;BACKTEST_IMPORT;0.0000;false;true
23;AUDUSD;FORWARD;v1.0;BUY;2025-03-04 11:45:00;2025-03-05 01:10:00;0.62250;0.62667;0.62250;0.63207;274.04;37560020892270.0000;MANUAL_OR_OTHER;true;1.7480;true;true;false;true;false;true;false;false;false;false;true;1.0374;3.1910;1.7480;1.00;0.00;ASIA;11;2;true;false;false;true;false;UP;0.00080;0.00077;0.62595;0.62339;0.00256;0.00044;0.5476;222.00;127.00;0.40;0.00000;0.0000;1.00;99.9681;86198896867872.00;true;;false;0.00;false;false;;false;0;BACKTEST_IMPORT;0.0000;false;false
24;AUDUSD;FORWARD;v1.0;BUY;2025-03-05 01:10:00;2025-03-05 01:25:30;0.62677;0.62584;0.62584;0.62956;-216.69;-1.0000;STOP_LOSS;true;1.5294;true;true;false;true;false;true;false;false;false;false;true;0.9822;3.4437;1.5294;1.00;0.00;ASIA;1;3;true;false;false;true;false;UP;0.00076;0.00078;0.62609;0.62346;0.00263;0.00053;0.6935;208.00;136.00;0.40;0.00093;1.2168;1.00;99.7069;3.00;true;;false;9.30;false;false;;false;0;BACKTEST_IMPORT;1.2168;false;true
25;AUDUSD;FORWARD;v1.0;BUY;2025-03-05 01:30:00;2025-03-05 02:30:39;0.62613;0.62525;0.62525;0.62877;-212.08;-1.0000;STOP_LOSS;true;1.4720;true;true;false;true;false;true;false;false;false;false;false;0.8764;3.7442;1.4720;1.00;0.00;ASIA;1;3;true;false;false;true;false;UP;0.00069;0.00079;0.62635;0.62376;0.00259;0.00093;1.3450;315.00;214.00;0.40;0.00088;1.2727;1.00;99.9617;3.00;true;;false;8.80;false;false;;false;0;BACKTEST_IMPORT;1.2727;false;true
26;AUDUSD;FORWARD;v1.0;BUY;2025-03-05 02:35:00;2025-03-05 03:26:15;0.62612;0.62451;0.62451;0.63095;-207.69;-1.0000;STOP_LOSS;false;0.9837;true;true;false;true;false;true;false;false;false;false;true;0.8923;3.4528;0.9837;1.00;0.00;ASIA;2;3;true;false;false;true;false;UP;0.00071;0.00079;0.62634;0.62389;0.00245;0.00049;0.6908;301.00;306.00;0.40;0.00161;2.2699;1.00;99.8593;3.00;true;;false;16.10;false;false;;false;0;BACKTEST_IMPORT;2.2699;false;true
27;AUDUSD;FORWARD;v1.0;BUY;2025-03-05 03:40:00;2025-03-05 04:00:18;0.62449;0.62357;0.62357;0.62725;-203.32;-1.0000;STOP_LOSS;false;0.8431;true;true;false;true;false;true;false;false;false;false;false;0.8455;2.9341;0.8431;1.00;0.00;ASIA;3;3;true;false;false;true;false;UP;0.00068;0.00080;0.62594;0.62395;0.00198;0.00079;1.1704;215.00;255.00;0.40;0.00092;1.3630;1.00;99.7234;3.00;true;;false;9.20;false;false;;false;0;BACKTEST_IMPORT;1.3630;false;true
28;AUDUSD;FORWARD;v1.0;BUY;2025-03-05 04:05:00;2025-03-05 07:57:28;0.62375;0.62639;0.62375;0.62639;599.28;0.0000;TAKE_PROFIT;false;0.8035;true;true;true;true;false;true;false;false;false;false;false;0.7753;0.4916;0.8035;1.00;0.00;LONDON;4;3;false;true;false;true;false;UP;0.00058;0.00074;0.62491;0.62463;0.00028;0.00052;0.9032;139.00;173.00;0.40;0.00000;0.0000;1.00;100.2080;0.00;true;;false;0.00;false;false;;false;0;BACKTEST_IMPORT;0.0000;true;false
29;AUDUSD;FORWARD;v1.0;BUY;2025-03-05 08:00:00;2025-03-10 20:07:30;0.62645;0.62645;0.62645;0.63719;-5.18;0.0000;STOP_LOSS;false;0.9023;false;false;false;true;false;true;false;false;false;false;false;1.0772;2.4629;0.9023;1.00;0.00;NEW_YORK;8;3;true;false;false;true;false;DOWN;0.00059;0.00055;0.62980;0.63125;0.00145;0.00076;1.2897;231.00;256.00;0.40;0.00000;0.0000;1.00;99.6264;0.00;true;;false;0.00;false;false;;false;0;BACKTEST_IMPORT;0.0000;false;true
30;AUDUSD;FORWARD;v1.0;BUY;2025-03-12 19:00:00;2025-03-13 01:19:30;0.63093;0.63315;0.63093;0.63315;629.81;0.0000;TAKE_PROFIT;false;0.9036;true;true;true;true;false;true;false;false;true;false;true;0.5300;4.5146;0.9036;1.00;0.00;ASIA;19;3;true;false;false;false;false;UP;0.00033;0.00063;0.63210;0.63059;0.00151;0.00025;0.7479;75.00;83.00;0.40;0.00000;0.0000;1.00;100.0411;0.00;true;;false;0.00;false;false;;false;0;BACKTEST_IMPORT;0.0000;true;false
31;AUDUSD;FORWARD;v1.0;BUY;2025-03-13 01:20:00;2025-03-13 04:36:40;0.63322;0.63164;0.63164;0.63796;-224.36;-1.0000;STOP_LOSS;false;0.9398;true;true;false;true;false;true;false;false;false;false;false;0.7806;2.6378;0.9398;1.00;0.00;ASIA;1;4;true;false;false;true;false;UP;0.00042;0.00053;0.63244;0.63135;0.00109;0.00041;0.9880;125.00;133.00;0.40;0.00158;3.8072;1.00;99.9257;3.00;true;;false;15.80;false;false;;false;0;BACKTEST_IMPORT;3.8072;false;true
32;AUDUSD;FORWARD;v1.0;BUY;2025-03-13 04:40:00;2025-03-13 05:37:44;0.63194;0.63112;0.63112;0.63440;-219.76;-1.0000;STOP_LOSS;false;1.0943;true;true;false;true;false;true;false;false;false;false;false;0.8652;1.8663;1.0943;1.00;0.00;ASIA;4;4;true;false;false;true;false;UP;0.00041;0.00048;0.63228;0.63151;0.00077;0.00031;0.7509;116.00;106.00;0.40;0.00082;1.9862;1.00;99.8639;3.00;true;;false;8.20;false;false;;false;0;BACKTEST_IMPORT;1.9862;false;true
33;AUDUSD;FORWARD;v1.0;BUY;2025-03-13 05:40:00;2025-03-13 06:29:05;0.63125;0.63056;0.63056;0.63332;-215.28;-1.0000;STOP_LOSS;true;1.4250;true;true;false;true;false;true;false;false;false;false;false;0.8610;1.0479;1.4250;1.00;0.00;ASIA;5;4;true;false;false;true;false;UP;0.00039;0.00045;0.63201;0.63160;0.00041;0.00034;0.8750;171.00;120.00;0.40;0.00069;1.7757;1.00;99.8955;3.00;true;;false;6.90;false;false;;false;0;BACKTEST_IMPORT;1.7757;false;true
34;AUDUSD;FORWARD;v1.0;BUY;2025-03-13 06:50:00;2025-03-13 07:09:29;0.63026;0.62956;0.62956;0.63236;-210.70;-1.0000;STOP_LOSS;true;1.3397;true;false;false;true;false;false;true;false;false;false;false;0.8884;0.0231;1.3397;1.00;0.00;LONDON;6;4;false;false;false;true;false;DOWN;0.00038;0.00043;0.63167;0.63168;0.00001;0.00062;1.6194;209.00;156.00;0.40;0.00070;1.8284;1.00;99.8399;3.00;true;;false;7.00;false;false;;false;0;BACKTEST_IMPORT;1.8284;false;true
35;AUDUSD;FORWARD;v1.0;BUY;2025-03-14 18:00:00;2025-03-17 17:24:38;0.63249;0.63774;0.63249;0.63774;607.97;0.0000;TAKE_PROFIT;false;0.7354;true;true;true;true;false;true;false;false;false;false;false;1.1425;3.1248;0.7354;1.00;0.00;NEW_YORK;18;5;true;false;false;true;false;UP;0.00050;0.00044;0.63580;0.63424;0.00156;0.00039;0.7811;139.00;189.00;0.40;0.00000;0.0000;1.00;100.1555;0.00;true;;false;0.00;false;false;;false;0;BACKTEST_IMPORT;0.0000;true;false
36;AUDUSD;FORWARD;v1.0;BUY;2025-03-17 17:25:00;2025-03-19 08:37:38;0.63784;0.63368;0.63368;0.65032;-218.18;-1.0000;STOP_LOSS;true;1.1988;true;false;false;true;false;true;false;true;false;false;false;1.3024;0.5946;1.1988;1.00;0.00;LONDON;17;1;false;true;false;false;false;DOWN;0.00041;0.00032;0.63567;0.63592;0.00025;0.00048;1.1626;193.00;161.00;0.40;0.00416;10.0761;1.00;99.8253;3.00;true;;false;41.60;false;false;;false;0;BACKTEST_IMPORT;10.0761;false;true
37;AUDUSD;FORWARD;v1.0;BUY;2025-03-25 13:00:00;2025-03-30 23:03:18;0.63180;0.62727;0.62727;0.64539;-212.49;-1.0000;STOP_LOSS;true;5.3889;false;false;false;true;false;true;false;false;true;false;false;0.7234;1.4738;5.3889;1.00;0.00;OFF_HOURS;13;2;true;false;false;false;false;DOWN;0.00035;0.00048;0.62880;0.62932;0.00051;0.00080;2.2998;582.00;108.00;0.40;0.00453;13.0226;1.00;99.9634;3.00;true;;false;45.30;false;false;;false;0;BACKTEST_IMPORT;13.0226;false;true
38;AUDUSD;FORWARD;v1.0;BUY;2025-04-02 02:00:00;2025-04-02 07:11:31;0.62770;0.63019;0.62770;0.63019;627.48;0.0000;TAKE_PROFIT;true;1.3306;true;true;false;true;false;true;false;false;true;false;true;0.7172;3.5887;1.3306;1.00;0.00;LONDON;2;3;true;false;false;false;false;UP;0.00034;0.00047;0.62938;0.62817;0.00121;0.00023;0.6837;165.00;124.00;0.40;0.00000;0.0000;1.00;99.9984;0.00;true;;false;0.00;false;false;;false;0;BACKTEST_IMPORT;0.0000;true;false
39;AUDUSD;FORWARD;v1.0;BUY;2025-04-02 07:15:00;2025-04-02 21:11:30;0.63048;0.62876;0.62876;0.63564;-221.88;-1.0000;STOP_LOSS;false;0.8148;true;false;false;true;false;true;false;false;false;false;false;0.9317;0.7255;0.8148;1.00;0.00;OFF_HOURS;7;3;false;true;false;true;false;DOWN;0.00048;0.00051;0.62964;0.62998;0.00035;0.00048;1.0075;132.00;162.00;0.40;0.00172;3.6102;1.00;100.0334;3.00;true;;false;17.20;false;false;;false;0;BACKTEST_IMPORT;3.6102;false;true
40;AUDUSD;FORWARD;v1.0;BUY;2025-04-03 08:00:00;2025-04-04 03:01:24;0.63089;0.63089;0.63089;0.64580;-0.77;0.0000;STOP_LOSS;false;0.7810;true;false;false;true;false;true;false;false;false;false;false;0.8826;2.4073;0.7810;1.00;0.00;ASIA;8;4;true;false;false;true;false;DOWN;0.00070;0.00080;0.63230;0.63399;0.00169;0.00088;1.2520;214.00;274.00;0.40;0.00000;0.0000;1.00;99.7345;0.00;true;;false;0.00;false;false;;false;0;BACKTEST_IMPORT;0.0000;false;true
41;AUDUSD;FORWARD;v1.0;BUY;2025-04-09 20:00:00;2025-05-26 02:43:37;0.61418;0.65231;0.61418;0.65231;633.93;0.0000;TAKE_PROFIT;true;1.4717;true;true;true;true;false;true;false;false;false;false;false;0.9312;2.7772;1.4717;1.00;0.00;ASIA;20;3;true;false;false;true;false;UP;0.00058;0.00062;0.64987;0.64827;0.00160;0.00070;1.2114;312.00;212.00;0.40;0.00000;0.0000;1.00;100.2491;0.00;true;;false;0.00;false;false;;false;0;BACKTEST_IMPORT;0.0000;true;false
42;AUDUSD;FORWARD;v1.0;BUY;2025-05-26 02:45:00;2025-05-27 03:35:05;0.65248;0.64772;0.64772;0.66676;-229.34;-1.0000;STOP_LOSS;false;1.0253;true;false;false;false;false;true;false;true;false;false;false;1.5998;1.1826;1.0253;1.00;0.00;ASIA;2;1;true;false;false;false;false;DOWN;0.00047;0.00030;0.64851;0.64907;0.00056;0.00036;0.7625;162.00;158.00;0.40;0.00476;10.0817;1.00;99.8012;3.00;true;;false;47.60;false;false;;false;0;BACKTEST_IMPORT;10.0817;false;true
43;AUDUSD;FORWARD;v1.0;BUY;2025-05-29 21:00:00;2025-05-29 22:01:00;0.64479;0.64364;0.64364;0.64824;-226.55;-1.0000;STOP_LOSS;true;1.6588;true;true;false;true;false;true;false;false;true;false;false;0.5866;1.0002;1.6588;1.00;0.00;OFF_HOURS;21;4;true;false;false;false;false;UP;0.00039;0.00066;0.64466;0.64427;0.00039;0.00041;1.0610;141.00;85.00;0.40;0.00115;2.9760;1.00;99.8930;3.00;true;;false;11.50;false;false;;false;0;BACKTEST_IMPORT;2.9760;false;true
44;AUDUSD;FORWARD;v1.0;BUY;2025-05-29 22:05:00;2025-05-30 03:05:30;0.64411;0.64228;0.64228;0.64960;-223.59;-1.0000;STOP_LOSS;false;0.7874;true;false;false;true;false;false;true;false;false;false;false;1.1873;0.2423;0.7874;1.00;0.00;ASIA;22;4;false;false;false;true;false;DOWN;0.00071;0.00060;0.64419;0.64436;0.00017;0.00065;0.9173;263.00;334.00;0.40;0.00183;2.5827;1.00;99.8617;3.00;true;;false;18.30;false;false;;false;0;BACKTEST_IMPORT;2.5827;false;true
45;AUDUSD;FORWARD;v1.0;BUY;2025-06-02 05:00:00;2025-06-02 15:33:38;0.64515;0.64899;0.64515;0.64899;652.80;0.0000;TAKE_PROFIT;false;1.0346;true;true;false;true;false;true;false;false;false;false;false;1.0329;2.2121;1.0346;1.00;0.00;NEW_YORK;5;1;true;false;false;true;false;UP;0.00060;0.00058;0.64823;0.64690;0.00134;0.00061;1.0107;329.00;318.00;0.40;0.00000;0.0000;1.00;100.1544;0.00;true;;false;0.00;false;false;;false;0;BACKTEST_IMPORT;0.0000;true;false
46;AUDUSD;FORWARD;v1.0;BUY;2025-06-02 15:35:00;2025-06-03 03:40:28;0.64918;0.64658;0.64658;0.65698;-230.37;-1.0000;STOP_LOSS;false;0.8873;true;true;false;true;false;false;true;false;false;false;false;1.1183;0.1777;0.8873;1.00;0.00;ASIA;15;1;false;false;false;true;false;UP;0.00052;0.00047;0.64891;0.64882;0.00009;0.00062;1.1890;181.00;204.00;0.40;0.00260;4.9863;1.00;99.7995;3.00;true;;false;26.00;false;false;;false;0;BACKTEST_IMPORT;4.9863;false;true
47;AUDUSD;FORWARD;v1.0;BUY;2025-06-03 03:45:00;2025-06-03 06:26:27;0.64720;0.64599;0.64599;0.65083;-225.06;-1.0000;STOP_LOSS;false;1.0189;true;false;false;false;false;true;false;false;false;false;false;1.1068;2.2011;1.0189;1.00;0.00;ASIA;3;2;true;false;false;true;false;DOWN;0.00049;0.00045;0.64745;0.64853;0.00108;0.00037;0.7507;108.00;106.00;0.40;0.00121;2.4551;1.00;99.9737;3.00;true;;false;12.10;false;false;;false;0;BACKTEST_IMPORT;2.4551;false;true
48;AUDUSD;FORWARD;v1.0;BUY;2025-06-03 18:30:00;2025-06-03 22:01:00;0.64691;0.64499;0.64499;0.65267;-218.88;-1.0000;STOP_LOSS;true;1.9623;true;true;false;true;false;true;false;false;true;false;false;0.5527;1.3640;1.9623;1.00;0.00;OFF_HOURS;18;2;true;false;false;false;false;UP;0.00031;0.00055;0.64640;0.64598;0.00042;0.00062;2.0280;104.00;53.00;0.40;0.00192;6.2804;1.00;99.9598;3.00;true;;false;19.20;false;false;;false;0;BACKTEST_IMPORT;6.2804;false;true
49;AUDUSD;FORWARD;v1.0;BUY;2025-06-03 22:05:00;2025-06-04 02:37:26;0.64496;0.64730;0.64496;0.64730;645.55;0.0000;TAKE_PROFIT;true;2.1152;false;true;true;true;true;false;true;false;false;false;false;0.8100;0.1409;2.1152;1.00;0.00;ASIA;22;2;false;false;false;true;false;UP;0.00041;0.00051;0.64617;0.64612;0.00006;0.00049;1.1972;404.00;191.00;0.40;0.00000;0.0000;1.00;100.1192;0.00;true;;false;0.00;false;false;;false;0;BACKTEST_IMPORT;0.0000;true;false
50;AUDUSD;FORWARD;v1.0;BUY;2025-06-04 19:00:00;2025-06-05 22:00:06;0.65023;0.65023;0.65023;0.65617;-2.06;0.0000;STOP_LOSS;true;1.3800;true;false;false;true;false;false;true;false;false;false;false;0.7615;0.1726;1.3800;1.00;0.00;OFF_HOURS;19;3;false;false;false;true;false;DOWN;0.00043;0.00057;0.65103;0.65111;0.00007;0.00051;1.1841;138.00;100.00;0.40;0.00000;0.0000;1.00;99.9554;0.00;true;;false;0.00;false;false;;false;0;BACKTEST_IMPORT;0.0000;false;true
51;AUDUSD;FORWARD;v1.0;BUY;2025-06-09 10:00:00;2025-06-09 13:52:38;0.65273;0.65098;0.65098;0.65798;-229.25;-1.0000;STOP_LOSS;false;0.8430;true;true;false;false;false;true;false;false;false;false;false;0.9436;2.6810;0.8430;1.00;0.00;NEW_YORK;10;1;true;false;false;true;false;UP;0.00040;0.00042;0.65235;0.65128;0.00107;0.00042;1.0481;145.00;172.00;0.40;0.00175;4.3672;1.00;99.8988;3.00;true;;false;17.50;false;false;;false;0;BACKTEST_IMPORT;4.3672;false;true
52;AUDUSD;FORWARD;v1.0;BUY;2025-06-09 14:00:00;2025-06-09 22:01:00;0.65127;0.65127;0.65127;0.65397;0.00;0.0000;STOP_LOSS;true;1.7800;true;true;false;true;false;false;false;false;true;false;false;0.6303;0.3298;1.7800;1.00;0.00;OFF_HOURS;14;1;false;false;false;false;false;UP;0.00026;0.00041;0.65207;0.65199;0.00009;0.00024;0.9256;89.00;50.00;0.40;0.00000;0.0000;1.00;99.9356;0.00;true;;false;0.00;false;false;;false;0;BACKTEST_IMPORT;0.0000;false;true
53;AUDUSD;FORWARD;v1.0;BUY;2025-06-09 22:05:00;2025-06-10 02:40:00;0.65119;0.65139;0.65119;0.65386;45.89;1801439850949.0000;MANUAL_OR_OTHER;true;1.4068;true;false;false;false;false;true;false;false;false;false;false;0.9724;0.4933;1.4068;1.00;0.00;ASIA;22;1;false;true;false;true;false;DOWN;0.00035;0.00036;0.65163;0.65180;0.00017;0.00064;1.8248;249.00;177.00;0.40;0.00000;0.0000;1.00;99.8972;24049222010159.00;true;;false;0.00;false;false;;false;0;BACKTEST_IMPORT;0.0000;false;false
54;AUDUSD;FORWARD;v1.0;BUY;2025-06-10 06:15:00;2025-06-10 08:00:30;0.65215;0.64958;0.64958;0.65986;-226.16;-1.0000;STOP_LOSS;false;0.9816;true;false;false;false;false;false;false;true;false;true;false;1.7054;0.2640;0.9816;1.00;0.00;LONDON;6;2;false;false;false;false;false;DOWN;0.00075;0.00044;0.65154;0.65174;0.00020;0.00151;2.0019;267.00;272.00;0.40;0.00257;3.4072;1.00;99.8709;3.00;true;;false;25.70;false;false;;false;0;BACKTEST_IMPORT;3.4072;false;true
55;AUDUSD;FORWARD;v1.0;BUY;2025-06-10 14:00:00;2025-06-10 16:33:15;0.65166;0.65166;0.65166;0.65565;0.00;0.0000;STOP_LOSS;false;0.5885;true;true;false;true;false;true;false;false;false;false;true;0.8717;1.0912;0.5885;1.00;0.00;NEW_YORK;14;2;true;false;false;true;false;UP;0.00056;0.00065;0.65219;0.65157;0.00061;0.00035;0.6218;143.00;243.00;0.40;0.00000;0.0000;1.00;99.9433;0.00;true;;false;0.00;false;false;;false;0;BACKTEST_IMPORT;0.0000;false;true
56;AUDUSD;FORWARD;v1.0;BUY;2025-06-10 16:35:00;2025-06-11 01:25:27;0.65178;0.65178;0.65178;0.65418;-4.95;0.0000;STOP_LOSS;false;0.9163;true;true;false;true;false;true;false;false;false;false;false;0.8752;0.6667;0.9163;1.00;0.00;ASIA;16;2;false;true;false;true;false;UP;0.00036;0.00041;0.65234;0.65210;0.00024;0.00068;1.8889;186.00;203.00;0.40;0.00000;0.0000;1.00;99.8438;0.00;true;;false;0.00;false;false;;false;0;BACKTEST_IMPORT;0.0000;false;true
57;AUDUSD;FORWARD;v1.0;BUY;2025-06-11 01:30:00;2025-06-11 02:28:28;0.65189;0.65111;0.65111;0.65423;-221.52;-1.0000;STOP_LOSS;false;0.8676;true;true;false;false;false;false;true;false;false;false;false;1.2370;0.1660;0.8676;1.00;0.00;ASIA;1;3;false;false;false;true;false;UP;0.00051;0.00041;0.65220;0.65211;0.00008;0.00070;1.3803;177.00;204.00;0.40;0.00078;1.5380;1.00;99.8268;3.00;true;;false;7.80;false;false;;false;0;BACKTEST_IMPORT;1.5380;false;true
58;AUDUSD;FORWARD;v1.0;BUY;2025-06-11 02:30:00;2025-06-11 02:49:19;0.65143;0.65059;0.65059;0.65395;-216.72;-1.0000;STOP_LOSS;false;0.8457;true;true;false;false;false;false;true;true;false;false;false;1.3376;0.0257;0.8457;1.00;0.00;ASIA;2;3;false;false;false;false;false;UP;0.00055;0.00041;0.65211;0.65209;0.00001;0.00052;0.9418;159.00;188.00;0.40;0.00084;1.5213;1.00;99.8589;3.00;true;;false;8.40;false;false;;false;0;BACKTEST_IMPORT;1.5213;false;true
59;AUDUSD;FORWARD;v1.0;BUY;2025-06-13 00:00:00;2025-06-13 01:02:07;0.65312;0.65219;0.65219;0.65591;-212.97;-1.0000;STOP_LOSS;true;3.1205;true;true;false;true;false;true;false;false;true;false;false;0.5668;2.2241;3.1205;1.00;0.00;ASIA;0;5;true;false;false;false;false;UP;0.00029;0.00051;0.65291;0.65227;0.00065;0.00043;1.4755;259.00;83.00;0.40;0.00093;3.1912;1.00;99.9449;3.00;true;;false;9.30;false;false;;false;0;BACKTEST_IMPORT;3.1912;false;true
60;AUDUSD;FORWARD;v1.0;BUY;2025-06-13 01:15:00;2025-06-13 01:22:47;0.64975;0.64888;0.64888;0.65236;-208.80;-1.0000;STOP_LOSS;true;2.5643;true;true;false;true;false;true;false;false;false;false;false;1.0033;0.9851;2.5643;1.00;0.00;ASIA;1;5;true;false;false;true;false;UP;0.00051;0.00051;0.65276;0.65225;0.00050;0.00325;6.3547;618.00;241.00;0.40;0.00087;1.7011;1.00;99.4809;3.00;true;;false;8.70;false;false;;false;0;BACKTEST_IMPORT;1.7011;false;true
61;AUDUSD;FORWARD;v1.0;BUY;2025-06-13 01:30:00;2025-06-13 01:36:28;0.64937;0.64799;0.64799;0.65351;-204.24;-1.0000;STOP_LOSS;true;1.6396;true;true;false;true;false;true;false;false;false;false;false;1.1923;0.5686;1.6396;1.00;0.00;ASIA;1;5;false;true;false;true;false;UP;0.00061;0.00051;0.65259;0.65224;0.00034;0.00176;2.9091;546.00;333.00;0.40;0.00138;2.2810;1.00;99.3033;3.00;true;;false;13.80;false;false;;false;0;BACKTEST_IMPORT;2.2810;false;true
62;AUDUSD;FORWARD;v1.0;BUY;2025-06-13 01:45:00;2025-06-13 02:03:27;0.64732;0.64630;0.64630;0.65038;-199.92;-1.0000;STOP_LOSS;false;1.0520;true;false;false;true;false;false;true;true;false;true;false;1.5865;0.1369;1.0520;1.00;0.00;ASIA;1;5;false;false;false;false;false;DOWN;0.00081;0.00051;0.65206;0.65217;0.00011;0.00102;1.2559;526.00;500.00;0.40;0.00102;1.2559;1.00;99.1852;3.00;true;;false;10.20;false;false;;false;0;BACKTEST_IMPORT;1.2559;false;true
63;AUDUSD;FORWARD;v1.0;BUY;2025-06-16 16:00:00;2025-06-17 00:55:14;0.65403;0.65139;0.65139;0.66195;-196.68;-1.0000;STOP_LOSS;false;1.0365;true;false;false;false;false;true;false;false;true;false;false;0.7359;1.2374;1.0365;1.00;0.00;ASIA;16;1;true;false;false;false;false;DOWN;0.00038;0.00052;0.65230;0.65278;0.00048;0.00039;1.0149;142.00;137.00;0.40;0.00264;6.8699;1.00;99.9923;3.00;true;;false;26.40;false;false;;false;0;BACKTEST_IMPORT;6.8699;false;true
64;AUDUSD;FORWARD;v1.0;BUY;2025-06-17 07:15:00;2025-06-17 13:50:16;0.65345;0.65211;0.65211;0.65747;-191.62;-1.0000;STOP_LOSS;false;1.0955;true;true;false;true;false;true;false;false;false;false;false;0.8722;1.2640;1.0955;1.00;0.00;NEW_YORK;7;2;true;false;false;true;false;UP;0.00053;0.00060;0.65347;0.65281;0.00066;0.00092;1.7500;241.00;220.00;0.40;0.00134;2.5489;1.00;99.7660;3.00;true;;false;13.40;false;false;;false;0;BACKTEST_IMPORT;2.5489;false;true
65;AUDUSD;FORWARD;v1.0;BUY;2025-06-17 13:55:00;2025-06-17 15:31:39;0.65248;0.65145;0.65145;0.65557;-188.49;-1.0000;STOP_LOSS;true;1.2765;true;true;false;false;false;true;false;false;false;false;false;1.2367;0.4124;1.2765;1.00;0.00;NEW_YORK;13;2;false;true;false;true;false;UP;0.00075;0.00061;0.65321;0.65290;0.00031;0.00177;2.3510;397.00;311.00;0.40;0.00103;1.3681;1.00;99.7826;3.00;true;;false;10.30;false;false;;false;0;BACKTEST_IMPORT;1.3681;false;true
66;AUDUSD;FORWARD;v1.0;BUY;2025-06-17 15:40:00;2025-06-17 16:28:29;0.65115;0.65034;0.65034;0.65358;-183.87;-1.0000;STOP_LOSS;false;0.7021;true;false;false;false;false;false;true;true;false;false;false;1.3693;0.0073;0.7021;1.00;0.00;NEW_YORK;15;2;false;false;false;false;false;DOWN;0.00085;0.00062;0.65287;0.65288;0.00001;0.00064;0.7561;238.00;339.00;0.40;0.00081;0.9570;1.00;99.5852;3.00;true;;false;8.10;false;false;;false;0;BACKTEST_IMPORT;0.9570;false;true
67;AUDUSD;FORWARD;v1.0;BUY;2025-06-24 08:00:00;2025-06-27 18:56:29;0.65103;0.65103;0.65103;0.66012;-3.11;0.0000;STOP_LOSS;true;1.8018;true;false;false;true;true;true;false;false;false;false;false;0.9947;1.4038;1.8018;1.00;0.00;NEW_YORK;8;2;true;false;false;true;false;DOWN;0.00057;0.00058;0.65324;0.65405;0.00081;0.00064;1.1144;391.00;217.00;0.40;0.00000;0.0000;1.00;99.6741;0.00;true;;false;0.00;false;false;;false;0;BACKTEST_IMPORT;0.0000;false;true
68;AUDUSD;FORWARD;v1.0;BUY;2025-06-30 01:30:00;2025-06-30 08:17:37;0.65363;0.65363;0.65363;0.65693;0.00;0.0000;STOP_LOSS;true;1.2599;false;true;false;true;false;true;false;false;false;false;false;1.0096;1.3285;1.2599;1.00;0.00;LONDON;1;1;true;false;false;true;false;UP;0.00050;0.00049;0.65398;0.65331;0.00066;0.00083;1.6648;286.00;227.00;0.40;0.00000;0.0000;1.00;99.8885;0.00;true;;false;0.00;false;false;;false;0;BACKTEST_IMPORT;0.0000;false;true
69;AUDUSD;FORWARD;v1.0;BUY;2025-06-30 20:00:00;2025-07-01 02:37:27;0.65788;0.65583;0.65583;0.66403;-181.97;-1.0000;STOP_LOSS;true;1.4586;true;true;false;true;false;true;false;false;true;false;false;0.7288;4.0871;1.4586;1.00;0.00;ASIA;20;1;true;false;false;false;false;UP;0.00035;0.00048;0.65773;0.65629;0.00144;0.00060;1.7073;229.00;157.00;0.40;0.00205;5.8333;1.00;99.8753;3.00;true;;false;20.50;false;false;;false;0;BACKTEST_IMPORT;5.8333;false;true
70;AUDUSD;FORWARD;v1.0;BUY;2025-07-01 02:40:00;2025-07-01 09:34:04;0.65600;0.65873;0.65600;0.65873;532.35;0.0000;TAKE_PROFIT;false;0.6021;true;true;false;true;false;false;true;true;false;true;false;1.2755;0.2228;0.6021;1.00;0.00;LONDON;2;2;false;false;false;false;false;UP;0.00060;0.00047;0.65761;0.65748;0.00013;0.00081;1.3516;115.00;191.00;0.40;0.00000;0.0000;1.00;100.0365;0.00;true;;false;0.00;false;false;;false;0;BACKTEST_IMPORT;0.0000;true;false
71;AUDUSD;FORWARD;v1.0;BUY;2025-07-01 09:35:00;2025-07-01 13:43:27;0.65886;0.65730;0.65730;0.66354;-187.20;-1.0000;STOP_LOSS;false;1.0345;true;true;false;true;false;true;false;false;false;false;false;0.9833;1.3727;1.0345;1.00;0.00;NEW_YORK;9;2;true;false;false;true;false;UP;0.00053;0.00053;0.65840;0.65768;0.00072;0.00086;1.6381;210.00;203.00;0.40;0.00156;2.9714;1.00;99.8952;3.00;true;;false;15.60;false;false;;false;0;BACKTEST_IMPORT;2.9714;false;true
72;AUDUSD;FORWARD;v1.0;BUY;2025-07-01 13:50:00;2025-07-01 14:30:38;0.65767;0.65677;0.65677;0.66037;-183.60;-1.0000;STOP_LOSS;false;0.7523;true;true;false;true;false;true;false;false;false;false;false;0.9514;1.0629;0.7523;1.00;0.00;NEW_YORK;13;2;true;false;false;true;false;UP;0.00052;0.00055;0.65818;0.65763;0.00055;0.00072;1.3884;164.00;218.00;0.40;0.00090;1.7355;1.00;99.8025;3.00;true;;false;9.00;false;false;;false;0;BACKTEST_IMPORT;1.7355;false;true
73;AUDUSD;FORWARD;v1.0;BUY;2025-07-01 14:35:00;2025-07-01 15:00:04;0.65692;0.65692;0.65692;0.65908;0.00;0.0000;STOP_LOSS;true;1.1692;true;true;false;true;false;true;false;false;false;false;false;1.0688;0.7355;1.1692;1.00;0.00;NEW_YORK;14;2;false;true;false;true;false;UP;0.00059;0.00055;0.65803;0.65759;0.00044;0.00114;1.9252;311.00;266.00;0.40;0.00000;0.0000;1.00;99.9529;0.00;true;;false;0.00;false;false;;false;0;BACKTEST_IMPORT;0.0000;false;true
74;AUDUSD;FORWARD;v1.0;BUY;2025-07-01 15:05:00;2025-07-01 22:04:30;0.65689;0.65689;0.65689;0.66043;0.00;0.0000;STOP_LOSS;true;1.6163;true;false;true;true;false;true;false;false;true;false;false;0.5513;1.0048;1.6163;1.00;0.00;OFF_HOURS;15;2;true;false;false;false;false;DOWN;0.00033;0.00059;0.65732;0.65765;0.00033;0.00030;0.9190;139.00;86.00;0.40;0.00000;0.0000;1.00;100.0989;0.00;true;;false;0.00;false;false;;false;0;BACKTEST_IMPORT;0.0000;false;true
75;AUDUSD;FORWARD;v1.0;BUY;2025-07-02 00:00:00;2025-07-02 09:00:27;0.65814;0.65592;0.65592;0.66480;-179.82;-1.0000;STOP_LOSS;true;1.1462;true;false;false;false;false;false;true;false;false;false;false;1.2457;0.1884;1.1462;1.00;0.00;LONDON;0;3;false;false;false;true;false;DOWN;0.00049;0.00039;0.65745;0.65754;0.00009;0.00067;1.3794;243.00;212.00;0.40;0.00222;4.5706;1.00;99.8904;3.00;true;;false;22.20;false;false;;false;0;BACKTEST_IMPORT;4.5706;false;true
76;AUDUSD;FORWARD;v1.0;BUY;2025-07-02 19:30:00;2025-07-03 13:30:19;0.65814;0.65618;0.65618;0.66402;-178.01;-1.0000;STOP_LOSS;false;0.9481;false;true;false;true;false;true;false;false;false;false;false;0.9785;0.6918;0.9481;1.00;0.00;NEW_YORK;19;3;false;true;false;true;false;UP;0.00039;0.00039;0.65772;0.65746;0.00027;0.00045;1.1667;128.00;135.00;0.40;0.00196;5.0815;1.00;99.9468;3.00;true;;false;19.60;false;false;;false;0;BACKTEST_IMPORT;5.0815;false;true
77;AUDUSD;FORWARD;v1.0;BUY;2025-07-09 03:55:00;2025-07-09 12:56:44;0.65177;0.65177;0.65177;0.65474;0.00;0.0000;STOP_LOSS;true;1.2716;true;true;false;true;false;false;false;false;true;false;false;0.7341;0.3020;1.2716;1.00;0.00;LONDON;3;3;false;false;false;false;false;UP;0.00045;0.00061;0.65292;0.65278;0.00014;0.00040;0.8861;206.00;162.00;0.40;0.00000;0.0000;1.00;99.9019;0.00;true;;false;0.00;false;false;;false;0;BACKTEST_IMPORT;0.0000;false;true
78;AUDUSD;FORWARD;v1.0;BUY;2025-07-09 13:05:00;2025-07-09 15:13:37;0.65175;0.65436;0.65175;0.65436;519.39;23508790054875.0000;TAKE_PROFIT;true;1.1097;true;false;false;true;false;false;true;false;false;false;false;1.0158;0.0130;1.1097;1.00;0.00;NEW_YORK;13;3;false;false;false;true;false;DOWN;0.00067;0.00066;0.65280;0.65281;0.00001;0.00058;0.8712;354.00;319.00;0.40;0.00000;0.0000;1.00;100.0964;23508790054875.00;true;;false;0.00;false;false;;false;0;BACKTEST_IMPORT;0.0000;true;false
79;AUDUSD;FORWARD;v1.0;BUY;2025-07-09 15:15:00;2025-07-10 22:05:00;0.65463;0.65721;0.65463;0.66588;125.54;23238574077232.0000;MANUAL_OR_OTHER;false;0.2375;true;true;false;false;false;true;false;false;true;false;false;0.6733;5.2092;0.2375;1.00;0.00;OFF_HOURS;15;3;true;false;false;false;false;UP;0.00032;0.00047;0.65806;0.65641;0.00165;0.00046;1.4537;19.00;80.00;0.40;0.00000;0.0000;1.00;99.7510;101330991615837.00;true;;false;0.00;false;false;;false;0;BACKTEST_IMPORT;0.0000;false;false
80;AUDUSD;FORWARD;v1.0;BUY;2025-07-10 22:10:00;2025-07-11 01:22:30;0.65834;0.65659;0.65659;0.66359;-187.40;-1.0000;STOP_LOSS;true;4.2121;true;true;false;true;false;true;false;false;false;false;false;0.9164;3.8714;4.2121;1.00;0.00;ASIA;22;4;true;false;false;true;false;UP;0.00044;0.00048;0.65883;0.65713;0.00170;0.00103;2.3447;556.00;132.00;0.40;0.00175;3.9837;1.00;99.6481;3.00;true;;false;17.50;false;false;;false;0;BACKTEST_IMPORT;3.9837;false;true
81;AUDUSD;FORWARD;v1.0;BUY;2025-07-11 01:30:00;2025-07-13 22:01:00;0.65654;0.65654;0.65654;0.66029;-5.22;0.0000;STOP_LOSS;true;1.9662;true;false;false;true;false;true;false;false;true;false;false;0.5838;0.4813;1.9662;1.00;0.00;OFF_HOURS;1;5;false;true;false;false;false;DOWN;0.00033;0.00057;0.65773;0.65789;0.00016;0.00081;2.4492;291.00;148.00;0.40;0.00000;0.0000;1.00;99.9301;0.00;true;;false;0.00;false;false;;false;0;BACKTEST_IMPORT;0.0000;false;true
82;AUDUSD;FORWARD;v1.0;BUY;2025-07-14 12:45:00;2025-07-14 13:35:15;0.65698;0.65596;0.65596;0.66004;-182.58;-1.0000;STOP_LOSS;true;1.2275;true;true;false;true;false;false;true;false;false;false;false;0.7682;0.2355;1.2275;1.00;0.00;NEW_YORK;12;1;false;false;false;true;false;UP;0.00038;0.00050;0.65680;0.65671;0.00009;0.00063;1.6425;205.00;167.00;0.40;0.00102;2.6592;1.00;99.8660;3.00;true;;false;10.20;false;false;;false;0;BACKTEST_IMPORT;2.6592;false;true
83;AUDUSD;FORWARD;v1.0;BUY;2025-07-14 13:40:00;2025-07-14 14:10:06;0.65604;0.65532;0.65532;0.65820;-178.56;-1.0000;STOP_LOSS;true;1.1977;false;false;false;true;false;false;true;false;false;false;false;0.8464;0.0567;1.1977;1.00;0.00;NEW_YORK;13;1;false;false;false;true;false;DOWN;0.00042;0.00050;0.65667;0.65670;0.00002;0.00043;1.0238;212.00;177.00;0.40;0.00072;1.7143;1.00;99.8279;3.00;true;;false;7.20;false;false;;false;0;BACKTEST_IMPORT;1.7143;false;true
84;AUDUSD;FORWARD;v1.0;BUY;2025-07-18 14:00:00;2025-07-18 17:58:40;0.65322;0.65110;0.65110;0.65958;-173.84;-1.0000;STOP_LOSS;false;0.8298;true;true;false;true;false;true;false;true;false;false;false;1.4115;1.9189;0.8298;1.00;0.00;NEW_YORK;14;5;true;false;false;false;false;UP;0.00060;0.00043;0.65267;0.65151;0.00116;0.00060;0.9953;156.00;188.00;0.40;0.00212;3.5166;1.00;99.8283;3.00;true;;false;21.20;false;false;;false;0;BACKTEST_IMPORT;3.5166;false;true
85;AUDUSD;FORWARD;v1.0;BUY;2025-07-18 18:05:00;2025-07-18 18:39:05;0.65124;0.65044;0.65044;0.65364;-172.00;-1.0000;STOP_LOSS;true;1.1777;true;true;false;true;false;true;false;false;false;false;true;1.2370;1.5967;1.1777;1.00;0.00;NEW_YORK;18;5;true;false;false;true;false;UP;0.00054;0.00044;0.65240;0.65154;0.00086;0.00030;0.5548;232.00;197.00;0.40;0.00080;1.4795;1.00;99.8450;3.00;true;;false;8.00;false;false;;false;0;BACKTEST_IMPORT;1.4795;false;true
86;AUDUSD;FORWARD;v1.0;BUY;2025-07-18 18:45:00;2025-07-20 23:36:30;0.65063;0.65063;0.65063;0.65273;-8.58;0.0000;STOP_LOSS;false;0.9059;true;false;false;true;false;true;false;false;false;false;true;0.9436;2.3612;0.9059;1.00;0.00;OFF_HOURS;18;5;true;false;false;true;false;DOWN;0.00041;0.00044;0.65070;0.65167;0.00097;0.00022;0.5329;77.00;85.00;0.40;0.00000;0.0000;1.00;99.9370;0.00;true;;false;0.00;false;false;;false;0;BACKTEST_IMPORT;0.0000;false;true
87;AUDUSD;FORWARD;v1.0;BUY;2025-07-21 08:00:00;2025-07-21 22:01:20;0.65164;0.65164;0.65164;0.65497;0.00;0.0000;STOP_LOSS;true;2.6078;true;true;false;true;false;true;false;false;true;false;false;0.5741;2.3850;2.6078;1.00;0.00;OFF_HOURS;8;1;true;false;false;false;false;UP;0.00023;0.00040;0.65260;0.65205;0.00055;0.00019;0.8185;133.00;51.00;0.40;0.00000;0.0000;1.00;99.9908;0.00;true;;false;0.00;false;false;;false;0;BACKTEST_IMPORT;0.0000;false;true
88;AUDUSD;FORWARD;v1.0;BUY;2025-07-21 22:05:00;2025-07-22 08:53:36;0.65207;0.65056;0.65056;0.65660;-169.59;-1.0000;STOP_LOSS;false;0.9496;true;false;false;true;false;true;false;false;false;false;true;1.1020;1.1844;0.9496;1.00;0.00;LONDON;22;1;true;false;false;true;false;DOWN;0.00038;0.00034;0.65163;0.65207;0.00045;0.00023;0.6122;132.00;139.00;0.40;0.00151;4.0190;1.00;99.9401;3.00;true;;false;15.10;false;false;;false;0;BACKTEST_IMPORT;4.0190;false;true
89;AUDUSD;FORWARD;v1.0;BUY;2025-07-22 14:30:00;2025-07-28 08:30:40;0.65362;0.65362;0.65362;0.66499;-4.61;0.0000;STOP_LOSS;true;1.1429;false;false;false;true;false;true;false;true;false;true;false;1.4260;0.7868;1.1429;1.00;0.00;LONDON;14;2;true;false;false;false;false;DOWN;0.00053;0.00037;0.65616;0.65658;0.00042;0.00112;2.0991;280.00;245.00;0.40;0.00000;0.0000;1.00;99.7575;0.00;true;;false;0.00;false;false;;false;0;BACKTEST_IMPORT;0.0000;false;true
90;AUDUSD;FORWARD;v1.0;BUY;2025-08-04 00:00:00;2025-08-04 16:21:27;0.64667;0.64667;0.64667;0.65030;0.00;0.0000;STOP_LOSS;false;0.9312;true;true;false;true;false;false;true;false;false;false;false;1.2084;0.1874;0.9312;1.00;0.00;NEW_YORK;0;1;false;false;true;true;false;UP;0.00065;0.00053;0.64802;0.64790;0.00012;0.00038;0.5885;203.00;218.00;0.40;0.00000;0.0000;1.00;99.8488;0.00;true;;false;0.00;false;false;;false;0;BACKTEST_IMPORT;0.0000;false;true
91;AUDUSD;FORWARD;v1.0;BUY;2025-08-04 16:35:00;2025-08-05 03:33:30;0.64674;0.64573;0.64573;0.64977;-167.54;-1.0000;STOP_LOSS;false;0.9833;true;false;false;true;false;false;true;false;false;false;false;1.0028;0.1508;0.9833;1.00;0.00;ASIA;16;1;false;false;false;true;false;DOWN;0.00047;0.00047;0.64694;0.64701;0.00007;0.00039;0.8285;118.00;120.00;0.40;0.00101;2.1457;1.00;99.9119;3.00;true;;false;10.10;false;false;;false;0;BACKTEST_IMPORT;2.1457;false;true
92;AUDUSD;FORWARD;v1.0;BUY;2025-08-05 16:00:00;2025-08-05 22:03:59;0.64624;0.64624;0.64624;0.65008;0.00;0.0000;STOP_LOSS;false;0.9167;false;true;true;true;false;true;false;false;true;false;false;0.5206;2.2554;0.9167;1.00;0.00;OFF_HOURS;16;2;true;false;false;false;false;UP;0.00029;0.00056;0.64717;0.64651;0.00066;0.00022;0.7512;55.00;60.00;0.40;0.00000;0.0000;1.00;100.0417;0.00;true;;false;0.00;false;false;;false;0;BACKTEST_IMPORT;0.0000;false;true
93;AUDUSD;FORWARD;v1.0;BUY;2025-08-06 05:00:00;2025-08-07 16:04:39;0.64891;0.64891;0.64891;0.65572;-1.27;0.0000;STOP_LOSS;false;1.0438;true;true;false;true;false;false;false;true;false;false;false;1.4295;0.3349;1.0438;1.00;0.00;NEW_YORK;5;3;false;false;false;false;false;UP;0.00069;0.00048;0.65187;0.65164;0.00023;0.00058;0.8397;381.00;365.00;0.40;0.00000;0.0000;1.00;99.6181;0.00;true;;false;0.00;false;false;;false;0;BACKTEST_IMPORT;0.0000;false;true
94;AUDUSD;FORWARD;v1.0;BUY;2025-08-07 16:05:00;2025-08-07 21:01:19;0.64923;0.65181;0.64923;0.65181;482.46;0.0000;TAKE_PROFIT;false;0.8924;true;false;true;true;false;true;false;false;false;false;false;0.9181;2.8017;0.8924;1.00;0.00;OFF_HOURS;16;4;true;false;false;true;false;DOWN;0.00050;0.00054;0.65005;0.65145;0.00140;0.00055;1.1016;199.00;223.00;0.40;0.00000;0.0000;1.00;100.2971;0.00;true;;false;0.00;false;false;;false;0;BACKTEST_IMPORT;0.0000;true;false
95;AUDUSD;FORWARD;v1.0;BUY;2025-08-08 00:15:00;2025-08-08 02:15:40;0.65254;0.65173;0.65173;0.65497;-170.10;-1.0000;STOP_LOSS;false;1.0724;true;true;false;false;true;true;false;false;true;false;false;0.6724;2.1918;1.0724;1.00;0.00;ASIA;0;5;true;false;false;false;false;UP;0.00037;0.00055;0.65217;0.65136;0.00082;0.00054;1.4511;163.00;152.00;0.40;0.00081;2.1766;1.00;99.9295;3.00;true;;false;8.10;false;false;;false;0;BACKTEST_IMPORT;2.1766;false;true
96;AUDUSD;FORWARD;v1.0;BUY;2025-08-08 02:30:00;2025-08-08 13:51:39;0.65152;0.65152;0.65152;0.65434;0.00;0.0000;STOP_LOSS;true;1.4085;true;true;false;true;false;false;false;false;false;false;false;0.8535;0.2756;1.4085;1.00;0.00;NEW_YORK;2;5;false;false;false;true;false;UP;0.00033;0.00039;0.65228;0.65219;0.00009;0.00040;1.1940;231.00;164.00;0.40;0.00000;0.0000;1.00;99.9433;0.00;true;;false;0.00;false;false;;false;0;BACKTEST_IMPORT;0.0000;false;true
97;AUDUSD;FORWARD;v1.0;BUY;2025-08-08 13:55:00;2025-08-08 21:58:38;0.65166;0.65166;0.65166;0.65406;0.00;0.0000;STOP_LOSS;true;2.0928;true;true;false;false;false;false;false;false;false;false;false;0.8174;0.3347;2.0928;1.00;0.00;OFF_HOURS;13;5;false;false;false;true;false;UP;0.00035;0.00043;0.65252;0.65240;0.00012;0.00030;0.8607;203.00;97.00;0.40;0.00000;0.0000;1.00;99.9709;0.00;true;;false;0.00;false;false;;false;0;BACKTEST_IMPORT;0.0000;false;true
98;AUDUSD;FORWARD;v1.0;BUY;2025-08-10 22:02:00;2025-08-11 12:43:30;0.65198;0.65105;0.65105;0.65477;-170.62;-1.0000;STOP_LOSS;true;1.4524;true;false;false;true;true;true;false;false;false;false;false;0.9583;0.4089;1.4524;1.00;0.00;LONDON;22;0;false;true;false;true;false;DOWN;0.00031;0.00032;0.65187;0.65200;0.00013;0.00026;0.8349;183.00;126.00;0.40;0.00093;2.9862;1.00;99.8696;3.00;true;;false;9.30;false;false;;false;0;BACKTEST_IMPORT;2.9862;false;true
99;AUDUSD;FORWARD;v1.0;BUY;2025-08-13 05:00:00;2025-08-14 08:51:36;0.65289;0.65289;0.65289;0.65763;-1.86;0.0000;STOP_LOSS;false;1.0463;true;true;false;true;false;false;true;true;false;false;false;1.4322;0.0451;1.0463;1.00;0.00;LONDON;5;3;false;false;false;false;false;UP;0.00051;0.00036;0.65469;0.65467;0.00002;0.00055;1.0784;226.00;216.00;0.40;0.00000;0.0000;1.00;99.7495;0.00;true;;false;0.00;false;false;;false;0;BACKTEST_IMPORT;0.0000;false;true
100;AUDUSD;FORWARD;v1.0;BUY;2025-08-14 08:55:00;2025-08-14 12:27:16;0.65311;0.65234;0.65234;0.65542;-163.24;-1.0000;STOP_LOSS;false;1.0682;true;false;false;true;false;true;false;false;false;false;true;1.0148;2.5468;1.0682;1.00;0.00;LONDON;8;4;true;false;false;true;false;DOWN;0.00045;0.00044;0.65327;0.65441;0.00114;0.00026;0.5833;141.00;132.00;0.40;0.00077;1.7276;1.00;100.0138;3.00;true;;false;7.70;false;false;;false;0;BACKTEST_IMPORT;1.7276;false;true
101;AUDUSD;FORWARD;v1.0;BUY;2025-08-22 18:00:00;2025-08-25 02:28:00;0.64887;0.64775;0.64775;0.65223;-167.83;-1.0000;STOP_LOSS;false;0.9583;true;true;false;true;false;true;false;false;true;false;false;0.6533;4.1095;0.9583;1.00;0.00;ASIA;18;5;true;false;false;false;false;UP;0.00037;0.00056;0.64862;0.64711;0.00151;0.00055;1.5010;115.00;120.00;0.40;0.00112;3.0565;1.00;99.9846;3.00;true;;false;11.20;false;false;;false;0;BACKTEST_IMPORT;3.0565;false;true
102;AUDUSD;FORWARD;v1.0;BUY;2025-08-25 02:35:00;2025-08-25 07:19:48;0.64776;0.65037;0.64776;0.65037;472.41;0.0000;TAKE_PROFIT;true;1.4248;true;false;true;true;false;true;false;false;false;false;false;1.0022;0.5148;1.4248;1.00;0.00;LONDON;2;1;false;true;false;true;false;DOWN;0.00040;0.00039;0.64847;0.64868;0.00020;0.00093;2.3544;161.00;113.00;0.40;0.00000;0.0000;1.00;100.1880;0.00;true;;false;0.00;false;false;;false;0;BACKTEST_IMPORT;0.0000;true;false
103;AUDUSD;FORWARD;v1.0;BUY;2025-08-25 07:45:00;2025-08-25 22:01:00;0.65027;0.64770;0.64770;0.65798;-167.05;-1.0000;STOP_LOSS;false;0.8154;true;false;false;true;false;true;false;false;false;false;false;0.7557;1.5659;0.8154;1.00;0.00;OFF_HOURS;7;1;true;false;false;true;false;DOWN;0.00033;0.00043;0.64873;0.64924;0.00051;0.00029;0.8884;53.00;65.00;0.40;0.00257;7.8731;1.00;100.0386;3.00;true;;false;25.70;false;false;;false;0;BACKTEST_IMPORT;7.8731;false;true
104;AUDUSD;FORWARD;v1.0;BUY;2025-08-26 12:30:00;2025-08-27 03:36:28;0.64878;0.64878;0.64878;0.65247;-2.38;0.0000;STOP_LOSS;false;0.9235;true;true;false;false;true;true;false;false;false;false;false;1.2242;0.3746;0.9235;1.00;0.00;ASIA;12;2;false;true;false;true;false;UP;0.00038;0.00031;0.64940;0.64926;0.00014;0.00057;1.5000;181.00;196.00;0.40;0.00000;0.0000;1.00;99.9892;0.00;true;;false;0.00;false;false;;false;0;BACKTEST_IMPORT;0.0000;false;true
105;AUDUSD;FORWARD;v1.0;BUY;2025-08-27 03:40:00;2025-08-27 08:15:40;0.64911;0.64815;0.64815;0.65199;-163.20;-1.0000;STOP_LOSS;true;1.1931;true;false;false;false;false;true;false;false;false;false;false;1.1650;1.2891;1.1931;1.00;0.00;LONDON;3;3;true;false;false;true;false;DOWN;0.00034;0.00030;0.64872;0.64917;0.00044;0.00063;1.8299;173.00;145.00;0.40;0.00096;2.7884;1.00;99.9229;3.00;true;;false;9.60;false;false;;false;0;BACKTEST_IMPORT;2.7884;false;true
106;AUDUSD;FORWARD;v1.0;BUY;2025-08-28 00:00:00;2025-09-01 09:35:40;0.65088;0.65499;0.65088;0.65499;468.46;0.0000;TAKE_PROFIT;false;0.6306;true;true;true;true;false;false;true;true;false;false;false;1.2812;0.0735;0.6306;1.00;0.00;LONDON;0;4;false;false;false;false;false;UP;0.00045;0.00035;0.65431;0.65428;0.00003;0.00049;1.0976;99.00;157.00;0.40;0.00000;0.0000;1.00;100.1759;0.00;true;;false;0.00;false;false;;false;0;BACKTEST_IMPORT;0.0000;true;false
107;AUDUSD;FORWARD;v1.0;BUY;2025-09-01 09:40:00;2025-09-02 08:21:30;0.65524;0.65293;0.65293;0.66217;-169.94;-1.0000;STOP_LOSS;true;1.8720;true;false;false;false;false;true;false;true;false;true;false;1.2699;2.6383;1.8720;1.00;0.00;LONDON;9;1;true;false;false;false;false;DOWN;0.00034;0.00026;0.65385;0.65473;0.00088;0.00119;3.5522;307.00;164.00;0.40;0.00231;6.8955;1.00;99.9495;3.00;true;;false;23.10;false;false;;false;0;BACKTEST_IMPORT;6.8955;false;true
108;AUDUSD;FORWARD;v1.0;BUY;2025-09-04 00:00:00;2025-09-04 05:49:30;0.65413;0.65291;0.65291;0.65779;-165.92;-1.0000;STOP_LOSS;false;1.0550;true;false;false;false;false;true;false;false;false;false;true;0.9446;1.1828;1.0550;1.00;0.00;ASIA;0;4;true;false;false;true;false;DOWN;0.00033;0.00035;0.65380;0.65419;0.00039;0.00019;0.5758;115.00;109.00;0.40;0.00122;3.6970;1.00;99.9617;3.00;true;;false;12.20;false;false;;false;0;BACKTEST_IMPORT;3.6970;false;true
109;AUDUSD;FORWARD;v1.0;BUY;2025-09-05 14:00:00;2026-02-27 04:14:00;0.65728;0.66856;0.65728;0.66856;350.51;0.0000;TAKE_PROFIT;true;1.3469;true;true;false;false;false;false;true;false;true;false;false;0.4726;0.0414;1.3469;1.00;0.00;ASIA;14;5;false;false;true;false;false;UP;0.00021;0.00045;0.66465;0.66464;0.00001;0.00009;0.4214;132.00;98.00;0.40;0.00000;0.0000;1.00;99.9654;0.00;true;;false;0.00;false;false;;false;0;BACKTEST_IMPORT;0.0000;true;false
