1;USDJPY;BACKTEST;v1.0;BUY;2025-01-02 16:45:00;2025-01-03 08:08:28;157.054;157.054;157.054;158.461;0.20;0.0000;STOP_LOSS;true;1.9664;true;false;false;true;false;true;false;false;false;false;false;0.9093;1.6030;1.9664;1.00;0.00;LONDON;16;4
2;USDJPY;BACKTEST;v1.0;BUY;2025-01-06 00:30:00;2025-01-06 07:20:00;157.443;157.664;157.443;158.532;1.40;7775746231632.0000;MANUAL_OR_OTHER;false;1.0556;true;true;false;false;false;true;false;false;true;false;false;0.6753;3.8690;1.0556;1.00;0.00;LONDON;0;1
3;USDJPY;BACKTEST;v1.0;BUY;2025-01-06 07:25:00;2025-01-06 08:11:04;157.750;157.605;157.605;158.185;-184.00;-1.0000;STOP_LOSS;false;1.0349;true;true;false;true;true;true;false;false;true;false;false;0.7215;3.6884;1.0349;1.00;0.00;LONDON;7;1
4;USDJPY;BACKTEST;v1.0;BUY;2025-01-06 08:15:00;2025-01-06 08:30:30;157.627;157.534;157.534;157.906;-177.11;-1.0000;STOP_LOSS;false;0.7931;true;true;false;true;false;true;false;false;true;false;false;0.7003;3.6944;0.7931;1.00;0.00;LONDON;8;1
5;USDJPY;BACKTEST;v1.0;BUY;2025-01-06 08:35:00;2025-01-06 11:53:06;157.584;157.890;157.584;157.890;581.41;0.0000;TAKE_PROFIT;false;1.0168;true;true;true;true;false;true;false;false;false;false;true;0.9395;1.2862;1.0168;1.00;0.00;LONDON;8;1
6;USDJPY;BACKTEST;v1.0;BUY;2025-01-06 11:55:00;2025-01-06 12:16:01;157.901;157.482;157.482;159.158;-2.66;-1.0000;STOP_LOSS;true;1.7172;true;true;false;true;false;true;false;false;false;false;false;1.1314;0.9040;1.7172;1.00;0.00;LONDON;11;1
7;USDJPY;BACKTEST;v1.0;BUY;2025-01-06 12:20:00;2025-01-06 12:23:39;157.656;157.379;157.379;158.487;-176.01;-1.0000;STOP_LOSS;true;1.8952;true;true;false;true;false;true;false;false;false;false;false;1.1314;0.9040;1.8952;1.00;0.00;LONDON;12;1
8;USDJPY;BACKTEST;v1.0;BUY;2025-01-06 12:25:00;2025-01-06 12:30:27;157.413;157.302;157.302;157.746;-141.13;-1.0000;STOP_LOSS;true;1.5574;true;true;false;true;false;true;false;true;false;true;false;1.3115;0.6174;1.5574;1.00;0.00;LONDON;12;1
9;USDJPY;BACKTEST;v1.0;BUY;2025-01-06 12:35:00;2025-01-06 13:00:40;157.272;157.121;157.121;157.725;-192.21;-1.0000;STOP_LOSS;false;1.0690;true;true;false;true;false;false;false;true;false;true;false;1.4818;0.2860;1.0690;1.00;0.00;NEW_YORK;12;1
10;USDJPY;BACKTEST;v1.0;BUY;2025-01-06 13:10:00;2025-01-06 13:39:37;157.039;156.789;156.789;157.789;-159.45;-1.0000;STOP_LOSS;false;0.9563;true;false;false;true;false;false;true;true;false;false;false;1.6897;0.0047;0.9563;1.00;0.00;NEW_YORK;13;1
11;USDJPY;BACKTEST;v1.0;BUY;2025-01-06 20:15:00;2025-01-07 02:06:06;157.591;158.224;157.591;158.224;420.52;22271707532231.0000;TAKE_PROFIT;false;1.0836;true;true;false;true;false;true;false;false;true;false;false;0.7463;2.0015;1.0836;1.00;0.00;ASIA;20;1
12;USDJPY;BACKTEST;v1.0;BUY;2025-01-07 02:10:00;2025-01-07 08:10:40;158.250;157.663;157.663;160.011;-3.72;-1.0000;STOP_LOSS;true;1.2775;true;true;false;true;false;true;false;false;false;false;false;1.1166;2.4499;1.2775;1.00;0.00;LONDON;2;2
13;USDJPY;BACKTEST;v1.0;BUY;2025-01-07 08:15:00;2025-01-07 08:19:29;157.709;157.613;157.613;157.997;-182.73;-1.0000;STOP_LOSS;true;1.2300;true;true;false;false;false;true;false;false;false;false;false;1.0790;2.4016;1.2300;1.00;0.00;LONDON;8;2
14;USDJPY;BACKTEST;v1.0;BUY;2025-01-07 08:25:00;2025-01-07 08:45:36;157.599;157.497;157.497;157.905;-194.29;-1.0000;STOP_LOSS;true;1.3568;true;true;false;true;false;true;false;false;false;false;false;1.0530;2.2010;1.3568;1.00;0.00;LONDON;8;2
15;USDJPY;BACKTEST;v1.0;BUY;2025-01-07 08:50:00;2025-01-07 09:12:13;157.552;157.419;157.419;157.951;-168.98;-1.0000;STOP_LOSS;true;1.2022;true;true;false;true;false;true;false;false;false;false;false;1.0986;1.9155;1.2022;1.00;0.00;LONDON;8;2
16;USDJPY;BACKTEST;v1.0;BUY;2025-01-07 09:25:00;2025-01-07 09:45:39;157.451;157.451;157.451;157.760;0.00;0.0000;STOP_LOSS;false;0.9872;true;true;false;true;false;true;false;false;false;false;false;1.1792;1.0943;0.9872;1.00;0.00;LONDON;9;2
17;USDJPY;BACKTEST;v1.0;BUY;2025-01-07 09:50:00;2025-01-07 16:00:00;157.500;157.956;157.500;157.956;288.57;0.0000;TAKE_PROFIT;false;1.0985;true;false;false;true;false;false;false;false;false;false;false;0.9561;0.3328;1.0985;1.00;0.00;NEW_YORK;9;2
18;USDJPY;BACKTEST;v1.0;BUY;2025-01-07 16:45:00;2025-01-10 15:35:18;158.104;158.104;158.104;159.961;0.61;1.0000;STOP_LOSS;false;1.0743;false;false;false;true;false;true;false;true;false;true;false;1.7593;0.4272;1.0743;1.00;0.00;NEW_YORK;16;2
19;USDJPY;BACKTEST;v1.0;BUY;2025-01-14 19:00:00;2025-01-15 05:22:30;158.142;157.782;157.782;159.222;-2.08;-1.0000;STOP_LOSS;false;0.8872;true;false;false;true;false;false;true;false;true;false;false;0.7334;0.1570;0.8872;1.00;0.00;ASIA;19;2
20;USDJPY;BACKTEST;v1.0;BUY;2025-01-20 01:00:00;2025-01-20 01:14:04;156.326;156.193;156.193;156.725;-170.30;-1.0000;STOP_LOSS;true;1.4177;true;true;false;true;false;true;false;false;false;false;false;0.8812;2.2759;1.4177;1.00;0.00;ASIA;1;1
21;USDJPY;BACKTEST;v1.0;BUY;2025-01-20 01:15:00;2025-01-20 01:19:28;156.206;156.116;156.116;156.476;-172.95;-1.0000;STOP_LOSS;true;1.3953;true;true;false;true;false;true;false;false;false;false;false;0.9807;1.9699;1.3953;1.00;0.00;ASIA;1;1
22;USDJPY;BACKTEST;v1.0;BUY;2025-01-20 01:30:00;2025-01-20 01:55:39;156.134;156.007;156.007;156.515;-162.82;-1.0000;STOP_LOSS;true;1.5561;true;true;false;true;false;true;false;false;false;false;true;1.0197;1.7746;1.5561;1.00;0.00;ASIA;1;1
23;USDJPY;BACKTEST;v1.0;BUY;2025-01-20 02:15:00;2025-01-20 02:55:15;155.928;155.928;155.928;156.273;0.00;0.0000;STOP_LOSS;false;0.9076;true;true;false;true;false;true;false;false;false;false;true;1.1599;1.1461;0.9076;1.00;0.00;ASIA;2;1
24;USDJPY;BACKTEST;v1.0;BUY;2025-01-20 03:00:00;2025-01-20 04:31:30;155.931;155.813;155.813;156.285;-151.47;-1.0000;STOP_LOSS;false;0.8976;true;true;false;false;false;false;true;false;false;false;false;1.0714;0.2063;0.8976;1.00;0.00;ASIA;3;1
25;USDJPY;BACKTEST;v1.0;BUY;2025-01-20 04:35:00;2025-01-20 07:00:16;155.797;156.082;155.797;156.082;547.79;0.0000;TAKE_PROFIT;true;1.4040;true;false;true;true;false;true;false;false;false;false;false;0.9021;1.8064;1.4040;1.00;0.00;LONDON;4;1
26;USDJPY;BACKTEST;v1.0;BUY;2025-01-20 10:45:00;2025-01-20 14:30:38;156.305;155.901;155.901;157.517;-2.59;-1.0000;STOP_LOSS;true;1.1005;true;true;false;true;false;true;false;false;false;false;true;0.7896;1.9265;1.1005;1.00;0.00;NEW_YORK;10;1
27;USDJPY;BACKTEST;v1.0;BUY;2025-01-20 14:35:00;2025-01-20 14:51:36;155.898;155.761;155.761;156.309;-175.91;-1.0000;STOP_LOSS;true;1.5956;true;true;false;true;true;true;false;false;false;false;false;1.1784;1.3089;1.5956;1.00;0.00;NEW_YORK;14;1
28;USDJPY;BACKTEST;v1.0;BUY;2025-01-20 14:55:00;2025-01-20 15:00:37;155.820;155.689;155.689;156.213;-168.29;-1.0000;STOP_LOSS;true;1.4183;true;true;false;true;false;true;false;false;false;false;false;1.2477;1.1530;1.4183;1.00;0.00;NEW_YORK;14;1
29;USDJPY;BACKTEST;v1.0;BUY;2025-01-20 15:10:00;2025-01-20 15:41:45;155.835;155.502;155.502;156.834;-2.14;-1.0000;STOP_LOSS;false;0.9272;true;true;false;true;false;true;false;true;false;true;false;1.5341;0.7683;0.9272;1.00;0.00;NEW_YORK;15;1
30;USDJPY;BACKTEST;v1.0;BUY;2025-01-20 15:55:00;2025-01-20 16:45:39;155.499;155.910;155.499;155.910;527.22;0.0000;TAKE_PROFIT;false;0.9644;true;true;true;true;false;false;true;true;false;false;false;1.8093;0.0877;0.9644;1.00;0.00;NEW_YORK;15;1
31;USDJPY;BACKTEST;v1.0;BUY;2025-01-20 16:50:00;2025-01-21 00:18:18;155.862;155.362;155.362;157.362;-3.02;-1.0000;STOP_LOSS;true;1.9231;true;false;false;true;false;true;false;false;false;false;false;0.8345;2.1982;1.9231;1.00;0.00;ASIA;16;1
32;USDJPY;BACKTEST;v1.0;BUY;2025-01-22 16:00:00;2025-01-23 14:34:40;156.164;156.164;156.164;157.571;0.20;0.0000;STOP_LOSS;false;1.0780;true;false;false;true;false;true;false;false;false;false;false;1.1598;0.5766;1.0780;1.00;0.00;NEW_YORK;16;3
33;USDJPY;BACKTEST;v1.0;BUY;2025-01-24 04:15:00;2025-01-24 04:29:34;155.972;155.972;155.972;156.467;0.00;1.0000;STOP_LOSS;true;1.2287;true;true;false;true;true;false;true;false;false;false;false;1.1243;0.0493;1.2287;1.00;0.00;ASIA;4;5
34;USDJPY;BACKTEST;v1.0;BUY;2025-01-24 04:30:00;2025-01-24 04:30:36;155.869;155.762;155.762;156.190;-137.39;-1.0000;STOP_LOSS;true;1.6940;true;true;false;true;true;false;true;true;false;true;false;1.4251;0.0618;1.6940;1.00;0.00;ASIA;4;5
35;USDJPY;BACKTEST;v1.0;BUY;2025-01-24 04:35:00;2025-01-24 04:41:03;155.994;155.640;155.640;157.056;-2.27;-1.0000;STOP_LOSS;true;1.5459;true;true;false;true;true;false;true;true;false;true;false;1.4251;0.0618;1.5459;1.00;0.00;ASIA;4;5
36;USDJPY;BACKTEST;v1.0;BUY;2025-01-24 04:45:00;2025-01-24 05:03:37;155.571;155.380;155.380;156.144;-122.93;-1.0000;STOP_LOSS;true;1.1978;true;false;false;true;false;false;true;true;false;false;false;1.6920;0.0483;1.1978;1.00;0.00;ASIA;4;5
37;USDJPY;BACKTEST;v1.0;BUY;2025-01-28 20:15:00;2025-01-28 22:59:38;155.721;155.469;155.469;156.477;-162.09;-1.0000;STOP_LOSS;false;0.8387;true;true;false;true;false;true;false;false;true;false;false;0.4724;0.7881;0.8387;1.00;0.00;OFF_HOURS;20;2
38;USDJPY;BACKTEST;v1.0;BUY;2025-01-28 23:05:00;2025-01-29 01:47:00;155.511;155.511;155.511;155.817;40.93;0.0000;STOP_LOSS;true;1.1156;true;true;false;true;false;true;false;false;true;false;false;0.6154;0.4234;1.1156;1.00;0.00;ASIA;23;2
39;USDJPY;BACKTEST;v1.0;BUY;2025-01-29 01:50:00;2025-01-29 04:07:02;155.578;155.578;155.578;156.169;0.00;0.0000;STOP_LOSS;false;0.9337;true;true;false;false;false;true;false;false;false;false;true;0.9315;0.5035;0.9337;1.00;0.00;ASIA;1;3
40;USDJPY;BACKTEST;v1.0;BUY;2025-01-29 04:15:00;2025-01-29 04:24:45;155.582;155.502;155.502;155.822;-154.34;-1.0000;STOP_LOSS;false;0.9874;true;true;false;true;false;true;false;false;false;false;true;0.9665;0.4891;0.9874;1.00;0.00;ASIA;4;3
41;USDJPY;BACKTEST;v1.0;BUY;2025-01-29 04:35:00;2025-01-29 04:38:03;155.455;155.345;155.345;155.785;-141.62;-1.0000;STOP_LOSS;true;1.5125;true;true;false;true;true;true;false;false;false;false;false;1.0170;0.4189;1.5125;1.00;0.00;ASIA;4;3
42;USDJPY;BACKTEST;v1.0;BUY;2025-01-29 04:40:00;2025-01-29 05:47:28;155.375;155.289;155.289;155.633;-166.14;-1.0000;STOP_LOSS;false;1.0652;true;false;false;true;false;false;true;false;false;false;false;0.9311;0.0395;1.0652;1.00;0.00;ASIA;4;3
43;USDJPY;BACKTEST;v1.0;BUY;2025-01-29 15:45:00;2025-01-29 15:57:42;155.353;155.204;155.204;155.800;-96.00;-1.0000;STOP_LOSS;true;1.2311;true;true;false;true;true;false;true;false;false;false;false;0.8833;0.0583;1.2311;1.00;0.00;NEW_YORK;15;3
44;USDJPY;BACKTEST;v1.0;BUY;2025-01-29 16:05:00;2025-01-29 16:18:20;155.254;155.123;155.123;155.647;-168.90;-1.0000;STOP_LOSS;true;1.2014;true;false;false;true;false;false;true;false;false;false;false;0.9724;0.0261;1.2014;1.00;0.00;NEW_YORK;16;3
45;USDJPY;BACKTEST;v1.0;BUY;2025-01-31 22:00:00;2025-02-03 10:49:07;155.088;155.088;155.088;156.519;0.61;0.0000;STOP_LOSS;false;0.8633;true;true;false;true;false;false;false;false;false;false;false;0.9677;0.3314;0.8633;1.00;0.00;LONDON;22;5
46;USDJPY;BACKTEST;v1.0;BUY;2025-02-03 11:10:00;2025-02-03 11:34:40;155.068;154.951;154.951;155.419;-151.02;-1.0000;STOP_LOSS;false;0.9065;true;false;false;true;false;false;true;false;false;false;false;0.9040;0.2359;0.9065;1.00;0.00;LONDON;11;1
47;USDJPY;BACKTEST;v1.0;BUY;2025-02-04 00:00:00;2025-02-04 16:00:38;154.803;154.803;154.803;155.709;0.00;0.0000;STOP_LOSS;false;1.0438;true;true;false;true;false;false;true;false;false;false;false;0.7994;0.0853;1.0438;1.00;0.00;NEW_YORK;0;2
48;USDJPY;BACKTEST;v1.0;BUY;2025-02-04 16:10:00;2025-02-04 16:12:40;154.720;154.613;154.613;155.041;-138.41;-1.0000;STOP_LOSS;true;1.3865;true;true;false;true;false;false;true;false;false;false;false;0.7994;0.0853;1.3865;1.00;0.00;NEW_YORK;16;2
49;USDJPY;BACKTEST;v1.0;BUY;2025-02-11 03:30:00;2025-02-11 09:31:36;151.981;151.694;151.694;152.842;-1.89;-1.0000;STOP_LOSS;true;1.3814;true;true;false;false;false;false;true;false;false;false;false;1.2317;0.1656;1.3814;1.00;0.00;LONDON;3;2
50;USDJPY;BACKTEST;v1.0;BUY;2025-02-11 09:35:00;2025-02-11 11:28:45;151.715;152.060;151.715;152.060;453.77;0.0000;TAKE_PROFIT;false;0.9479;true;false;true;true;false;false;true;true;false;false;false;1.4170;0.0437;0.9479;1.00;0.00;LONDON;9;2
51;USDJPY;BACKTEST;v1.0;BUY;2025-02-11 11:30:00;2025-02-12 04:12:11;152.102;153.608;152.102;153.608;10.00;0.0000;TAKE_PROFIT;false;0.9390;true;true;true;true;false;true;false;true;false;false;false;1.2667;2.7884;0.9390;1.00;0.00;ASIA;11;2
52;USDJPY;BACKTEST;v1.0;BUY;2025-02-12 04:15:00;2025-02-12 16:15:37;153.613;154.585;153.613;154.585;6.28;0.0000;TAKE_PROFIT;false;0.9787;true;true;true;true;false;true;false;true;false;false;false;1.5999;1.0441;0.9787;1.00;0.00;NEW_YORK;4;3
53;USDJPY;BACKTEST;v1.0;BUY;2025-02-12 16:20:00;2025-02-13 15:39:40;154.617;153.388;153.388;158.304;-7.81;-1.0000;STOP_LOSS;false;0.9481;true;false;false;true;false;true;false;false;false;false;false;1.1959;1.9952;0.9481;1.00;0.00;NEW_YORK;16;3
54;USDJPY;BACKTEST;v1.0;BUY;2025-02-18 22:00:00;2025-02-19 15:39:30;152.029;151.478;151.478;153.682;-3.44;-1.0000;STOP_LOSS;true;1.1294;true;false;false;true;false;true;false;false;false;false;false;0.8362;0.5720;1.1294;1.00;0.00;NEW_YORK;22;2
55;USDJPY;BACKTEST;v1.0;BUY;2025-02-27 17:00:00;2025-02-28 03:13:00;149.949;149.209;149.209;152.169;-4.76;-1.0000;STOP_LOSS;false;1.0030;true;false;false;false;false;true;false;true;false;false;false;1.3172;0.5721;1.0030;1.00;0.00;ASIA;17;4
56;USDJPY;BACKTEST;v1.0;BUY;2025-02-28 08:45:00;2025-03-03 16:02:28;150.338;150.338;150.338;152.804;0.61;0.0000;STOP_LOSS;true;1.1000;true;true;false;true;false;true;false;false;false;false;false;1.0367;2.4993;1.1000;1.00;0.00;NEW_YORK;8;5
57;USDJPY;BACKTEST;v1.0;BUY;2025-03-03 16:05:00;2025-03-03 16:06:27;150.390;150.277;150.277;150.729;-150.39;-1.0000;STOP_LOSS;true;1.3815;true;true;false;true;false;true;false;false;false;false;false;1.0367;2.4993;1.3815;1.00;0.00;NEW_YORK;16;1
58;USDJPY;BACKTEST;v1.0;BUY;2025-03-03 16:20:00;2025-03-03 17:41:28;150.233;150.069;150.069;150.725;-109.28;-1.0000;STOP_LOSS;false;0.9714;true;true;false;true;false;true;false;false;false;false;false;1.2401;1.4665;0.9714;1.00;0.00;NEW_YORK;16;1
59;USDJPY;BACKTEST;v1.0;BUY;2025-03-03 17:50:00;2025-03-03 21:05:18;150.196;150.000;150.000;150.784;-130.67;-1.0000;STOP_LOSS;true;1.3364;true;false;false;false;true;true;false;false;false;false;false;0.7942;2.1973;1.3364;1.00;0.00;OFF_HOURS;17;1
60;USDJPY;BACKTEST;v1.0;BUY;2025-03-11 23:00:00;2025-03-12 02:10:00;147.723;147.901;147.723;148.374;140.81;6262818231813.0000;MANUAL_OR_OTHER;false;0.8008;true;true;false;true;false;true;false;false;true;false;false;0.6110;1.8375;0.8008;1.00;0.00;ASIA;23;2
61;USDJPY;BACKTEST;v1.0;BUY;2025-03-12 02:10:00;2025-03-12 07:58:28;147.911;148.364;147.911;148.364;305.33;0.0000;TAKE_PROFIT;true;1.3535;true;true;false;true;false;true;false;false;false;false;false;0.8408;2.2029;1.3535;1.00;0.00;LONDON;2;3
62;USDJPY;BACKTEST;v1.0;BUY;2025-03-12 08:00:00;2025-03-12 13:30:00;148.373;148.373;148.373;149.771;0.00;0.0000;STOP_LOSS;false;1.0241;true;true;true;true;false;true;false;false;false;false;false;0.9280;2.8848;1.0241;1.00;0.00;NEW_YORK;8;3
63;USDJPY;BACKTEST;v1.0;BUY;2025-03-12 13:35:00;2025-03-13 04:49:38;148.692;148.067;148.067;150.567;-4.02;-1.0000;STOP_LOSS;false;0.8192;true;false;false;true;false;true;false;false;false;false;false;0.9155;0.9264;0.8192;1.00;0.00;ASIA;13;3
64;USDJPY;BACKTEST;v1.0;BUY;2025-03-13 14:15:00;2025-03-13 16:40:38;148.339;147.668;147.668;150.352;-4.54;-1.0000;STOP_LOSS;false;1.0150;true;true;false;false;false;false;true;true;false;false;false;1.4298;0.2283;1.0150;1.00;0.00;NEW_YORK;14;4
65;USDJPY;BACKTEST;v1.0;BUY;2025-03-13 16:45:00;2025-03-13 17:44:27;147.818;147.592;147.592;148.496;-153.12;-1.0000;STOP_LOSS;false;0.8860;true;false;false;true;false;false;true;false;false;false;false;1.2009;0.0041;0.8860;1.00;0.00;NEW_YORK;16;4
66;USDJPY;BACKTEST;v1.0;BUY;2025-03-14 13:00:00;2025-03-14 14:03:05;148.740;148.556;148.556;149.292;-123.86;-1.0000;STOP_LOSS;false;0.9136;true;true;false;true;false;true;false;false;false;false;true;1.0156;2.4303;0.9136;1.00;0.00;NEW_YORK;13;5
67;USDJPY;BACKTEST;v1.0;BUY;2025-03-14 14:05:00;2025-03-14 15:00:03;148.628;148.628;148.628;149.021;0.00;0.0000;STOP_LOSS;false;0.9316;true;true;false;true;false;true;false;false;false;false;false;1.0303;1.7463;0.9316;1.00;0.00;NEW_YORK;14;5
68;USDJPY;BACKTEST;v1.0;BUY;2025-03-14 15:05:00;2025-03-14 15:20:27;148.870;148.470;148.470;150.070;-2.69;-1.0000;STOP_LOSS;true;1.3278;true;true;false;false;false;true;false;false;false;false;false;1.1518;1.3610;1.3278;1.00;0.00;NEW_YORK;15;5
69;USDJPY;BACKTEST;v1.0;BUY;2025-03-14 15:25:00;2025-03-14 17:14:14;148.563;148.326;148.326;149.274;-159.78;-1.0000;STOP_LOSS;false;0.8540;true;true;false;false;false;false;true;true;false;false;false;1.2549;0.1444;0.8540;1.00;0.00;NEW_YORK;15;5
70;USDJPY;BACKTEST;v1.0;BUY;2025-03-14 17:25:00;2025-03-16 23:00:00;148.344;148.674;148.344;148.674;525.65;0.0000;TAKE_PROFIT;true;1.6981;true;false;false;true;false;true;false;false;true;false;false;0.4927;2.1909;1.6981;1.00;0.00;OFF_HOURS;17;5
71;USDJPY;BACKTEST;v1.0;BUY;2025-03-17 01:30:00;2025-03-17 13:08:15;148.805;148.412;148.412;149.984;-2.65;-1.0000;STOP_LOSS;true;1.3478;true;false;false;true;false;false;true;false;false;false;false;0.9183;0.2011;1.3478;1.00;0.00;NEW_YORK;1;1
72;USDJPY;BACKTEST;v1.0;BUY;2025-03-17 20:30:00;2025-03-20 01:02:38;149.276;148.391;148.391;151.931;-5.36;-1.0000;STOP_LOSS;false;0.9930;true;false;false;true;false;true;false;false;false;false;true;0.7608;6.7810;0.9930;1.00;0.00;ASIA;20;1
73;USDJPY;BACKTEST;v1.0;BUY;2025-03-21 21:30:00;2025-03-24 14:53:17;149.356;150.091;149.356;150.091;551.09;0.0000;TAKE_PROFIT;true;1.7174;true;false;true;true;false;false;true;false;false;false;false;0.8204;0.2082;1.7174;1.00;0.00;NEW_YORK;21;5
74;USDJPY;BACKTEST;v1.0;BUY;2025-03-24 15:00:00;2025-03-25 11:39:26;150.244;150.244;150.244;151.900;0.20;0.0000;STOP_LOSS;false;0.9364;true;false;false;true;false;true;false;false;false;false;true;1.1718;0.8966;0.9364;1.00;0.00;LONDON;15;1
75;USDJPY;BACKTEST;v1.0;BUY;2025-03-26 01:45:00;2025-03-26 09:47:37;150.125;150.125;150.125;151.154;0.00;0.0000;STOP_LOSS;false;0.8333;false;true;false;true;false;true;false;true;false;false;true;1.3343;2.9055;0.8333;1.00;0.00;LONDON;1;3
76;USDJPY;BACKTEST;v1.0;BUY;2025-03-26 17:00:00;2025-03-27 00:00:24;150.684;150.295;150.295;151.851;-2.39;-1.0000;STOP_LOSS;false;1.0279;true;true;false;false;false;true;false;false;false;false;false;0.8088;1.1256;1.0279;1.00;0.00;ASIA;17;3
77;USDJPY;BACKTEST;v1.0;BUY;2025-03-27 00:05:00;2025-03-27 02:04:16;150.381;150.381;150.381;150.834;0.00;0.0000;STOP_LOSS;false;0.8746;true;true;false;true;true;false;false;false;false;false;false;1.0612;0.2637;0.8746;1.00;0.00;ASIA;0;4
78;USDJPY;BACKTEST;v1.0;BUY;2025-03-27 02:05:00;2025-03-27 02:24:29;150.360;150.244;150.244;150.708;-154.42;-1.0000;STOP_LOSS;true;1.4066;true;true;false;true;true;false;true;false;false;false;false;1.1037;0.1535;1.4066;1.00;0.00;ASIA;2;4
79;USDJPY;BACKTEST;v1.0;BUY;2025-03-27 02:40:00;2025-03-27 08:56:21;150.144;150.483;150.144;150.483;450.54;11927502138115.0000;TAKE_PROFIT;false;1.0722;true;false;true;true;false;true;false;false;false;false;false;0.9340;1.4271;1.0722;1.00;0.00;LONDON;2;4
80;USDJPY;BACKTEST;v1.0;BUY;2025-03-27 10:30:00;2025-03-28 15:08:14;150.851;150.222;150.222;152.738;-3.99;-1.0000;STOP_LOSS;true;1.1759;true;false;false;true;false;true;false;true;false;true;false;1.3679;0.4623;1.1759;1.00;0.00;NEW_YORK;10;4
81;USDJPY;BACKTEST;v1.0;BUY;2025-04-02 07:00:00;2025-04-02 07:40:14;149.883;149.772;149.772;150.216;-148.23;-1.0000;STOP_LOSS;true;1.4528;true;true;false;false;false;true;false;false;true;false;false;0.7082;2.2621;1.4528;1.00;0.00;LONDON;7;3
82;USDJPY;BACKTEST;v1.0;BUY;2025-04-02 07:45:00;2025-04-02 08:12:39;149.796;149.699;149.699;150.087;-194.39;-1.0000;STOP_LOSS;true;1.3974;true;true;false;true;false;true;false;false;false;false;false;0.9128;1.5722;1.3974;1.00;0.00;LONDON;7;3
83;USDJPY;BACKTEST;v1.0;BUY;2025-04-02 08:15:00;2025-04-02 09:01:39;149.717;149.594;149.594;150.086;-164.45;-1.0000;STOP_LOSS;false;0.9817;true;true;false;true;false;true;false;false;false;false;false;1.1215;0.9379;0.9817;1.00;0.00;LONDON;8;3
84;USDJPY;BACKTEST;v1.0;BUY;2025-04-02 09:20:00;2025-04-02 10:51:26;149.591;149.488;149.488;149.900;-137.80;-1.0000;STOP_LOSS;false;1.0398;true;true;false;true;false;false;true;true;false;false;false;1.3386;0.1088;1.0398;1.00;0.00;LONDON;9;3
85;USDJPY;BACKTEST;v1.0;BUY;2025-04-02 18:15:00;2025-04-02 21:26:37;150.149;149.777;149.777;151.265;-2.49;-1.0000;STOP_LOSS;true;1.3414;true;true;true;true;false;true;false;false;false;false;false;1.0367;2.7060;1.3414;1.00;0.00;OFF_HOURS;18;3
86;USDJPY;BACKTEST;v1.0;BUY;2025-04-02 21:30:00;2025-04-02 21:36:27;149.670;149.387;149.387;150.519;-189.44;-1.0000;STOP_LOSS;true;1.6400;true;true;false;true;false;true;false;true;false;true;false;1.4851;1.7832;1.6400;1.00;0.00;OFF_HOURS;21;3
87;USDJPY;BACKTEST;v1.0;BUY;2025-04-02 21:40:00;2025-04-02 22:01:34;149.568;149.183;149.183;150.723;-2.58;-1.0000;STOP_LOSS;false;0.8242;true;true;false;true;false;true;false;true;false;false;false;1.8369;1.1867;0.8242;1.00;0.00;OFF_HOURS;21;3
88;USDJPY;BACKTEST;v1.0;BUY;2025-04-02 22:35:00;2025-04-02 22:53:30;148.808;148.808;148.808;149.336;0.00;0.0000;STOP_LOSS;false;0.1294;true;true;false;true;false;true;false;true;false;false;false;2.0519;0.5144;0.1294;1.00;0.00;OFF_HOURS;22;3
89;USDJPY;BACKTEST;v1.0;BUY;2025-04-07 16:00:00;2025-04-08 18:08:29;147.573;146.453;146.453;150.933;-7.45;-1.0000;STOP_LOSS;false;1.0561;true;false;false;true;false;true;false;false;false;false;false;1.0533;0.8356;1.0561;1.00;0.00;NEW_YORK;16;1
90;USDJPY;BACKTEST;v1.0;BUY;2025-04-23 02:05:00;2025-04-23 02:39:18;142.175;141.924;141.924;142.928;-176.86;-1.0000;STOP_LOSS;false;1.0273;true;true;false;true;false;true;false;true;false;false;true;1.5002;3.3581;1.0273;1.00;0.00;ASIA;2;3
91;USDJPY;BACKTEST;v1.0;BUY;2025-04-23 03:00:00;2025-04-23 05:10:37;141.762;142.233;141.762;142.233;331.15;0.0000;TAKE_PROFIT;false;0.9346;true;true;true;true;false;true;false;false;false;false;true;0.8764;2.8915;0.9346;1.00;0.00;ASIA;3;3
92;USDJPY;BACKTEST;v1.0;BUY;2025-04-23 05:15:00;2025-04-23 06:20:29;142.208;141.746;141.746;143.594;-3.26;-1.0000;STOP_LOSS;true;1.1065;true;true;false;false;true;true;false;false;true;false;false;0.6578;1.8952;1.1065;1.00;0.00;ASIA;5;3
93;USDJPY;BACKTEST;v1.0;BUY;2025-04-23 06:25:00;2025-04-23 07:06:38;141.886;141.886;141.886;142.489;0.00;0.0000;STOP_LOSS;true;1.4297;true;true;false;true;false;true;false;false;true;false;false;0.6859;1.1126;1.4297;1.00;0.00;LONDON;6;3
94;USDJPY;BACKTEST;v1.0;BUY;2025-04-23 07:10:00;2025-04-23 07:48:15;141.846;141.685;141.685;142.329;-113.63;-1.0000;STOP_LOSS;false;1.0734;true;true;false;false;false;true;false;false;false;false;false;0.7662;0.4478;1.0734;1.00;0.00;LONDON;7;3
95;USDJPY;BACKTEST;v1.0;BUY;2025-04-23 07:55:00;2025-04-23 08:11:38;141.659;141.546;141.546;141.998;-159.67;-1.0000;STOP_LOSS;true;1.1507;true;true;false;true;false;false;false;false;false;false;false;0.7801;0.3390;1.1507;1.00;0.00;LONDON;7;3
96;USDJPY;BACKTEST;v1.0;BUY;2025-04-23 08:20:00;2025-04-23 08:44:00;141.575;141.884;141.575;141.884;435.56;0.0000;TAKE_PROFIT;false;0.9646;true;true;true;true;false;false;true;false;false;false;false;0.8200;0.0167;0.9646;1.00;0.00;LONDON;8;3
97;USDJPY;BACKTEST;v1.0;BUY;2025-04-23 15:45:00;2025-04-28 15:40:29;142.672;142.672;142.672;145.600;1.02;0.0000;STOP_LOSS;false;1.0611;true;false;false;true;false;true;false;false;false;false;false;1.0859;1.5262;1.0611;1.00;0.00;NEW_YORK;15;3
98;USDJPY;BACKTEST;v1.0;BUY;2025-04-30 18:00:00;2025-04-30 21:31:06;142.677;143.124;142.677;143.124;312.31;0.0000;TAKE_PROFIT;false;0.7574;true;false;true;true;false;false;true;false;false;false;false;0.8700;0.2185;0.7574;1.00;0.00;OFF_HOURS;18;3
99;USDJPY;BACKTEST;v1.0;BUY;2025-04-30 22:30:00;2025-05-01 06:23:36;143.016;144.093;143.016;144.093;7.67;0.0000;TAKE_PROFIT;true;1.2308;true;true;true;true;false;true;false;false;false;false;false;1.2322;2.1374;1.2308;1.00;0.00;ASIA;22;3
100;USDJPY;BACKTEST;v1.0;BUY;2025-05-01 06:25:00;2025-05-01 17:55:00;144.174;145.365;144.174;148.230;8.19;41904587157800.0000;MANUAL_OR_OTHER;false;0.9240;true;true;false;false;false;true;false;false;false;false;true;1.1776;3.2214;0.9240;1.00;0.00;NEW_YORK;6;4
101;USDJPY;BACKTEST;v1.0;BUY;2025-05-01 18:00:00;2025-05-01 19:03:27;145.395;145.692;145.395;145.692;611.56;10449758510384.0000;TAKE_PROFIT;true;1.1869;true;true;false;true;false;true;false;false;false;false;true;0.8648;4.5306;1.1869;1.00;0.00;NEW_YORK;18;4
102;USDJPY;BACKTEST;v1.0;BUY;2025-05-01 19:05:00;2025-05-01 22:02:21;145.673;145.296;145.296;146.804;-2.60;-1.0000;STOP_LOSS;false;0.9041;true;true;false;false;false;true;false;false;false;false;false;0.8020;4.7622;0.9041;1.00;0.00;OFF_HOURS;19;4
103;USDJPY;BACKTEST;v1.0;BUY;2025-05-01 22:05:00;2025-05-01 22:59:30;145.428;145.234;145.234;146.010;-133.60;-1.0000;STOP_LOSS;false;0.2963;true;true;false;true;false;true;false;false;false;false;true;0.8384;4.1078;0.2963;1.00;0.00;OFF_HOURS;22;4
104;USDJPY;BACKTEST;v1.0;BUY;2025-05-01 23:05:00;2025-05-02 02:50:00;145.371;145.474;145.371;145.992;91.26;3623990325150.0000;MANUAL_OR_OTHER;false;0.8947;true;true;false;true;false;true;false;false;false;false;false;0.9825;1.5079;0.8947;1.00;0.00;ASIA;23;4
105;USDJPY;BACKTEST;v1.0;BUY;2025-05-02 02:50:00;2025-05-02 04:32:28;145.484;145.266;145.266;146.138;-150.07;-1.0000;STOP_LOSS;false;0.9677;true;true;false;false;false;true;false;false;false;false;false;1.0548;0.8522;0.9677;1.00;0.00;ASIA;2;5
106;USDJPY;BACKTEST;v1.0;BUY;2025-05-02 04:40:00;2025-05-02 06:45:01;145.186;145.186;145.186;145.480;0.00;1.0000;STOP_LOSS;false;0.9490;true;false;false;true;false;true;false;false;false;false;true;0.8771;0.4280;0.9490;1.00;0.00;ASIA;4;5
107;USDJPY;BACKTEST;v1.0;BUY;2025-05-02 21:15:00;2025-05-05 00:46:36;145.028;144.520;144.520;146.552;-2.90;-1.0000;STOP_LOSS;true;1.4750;true;true;false;true;false;true;false;false;false;false;false;0.8262;1.6138;1.4750;1.00;0.00;ASIA;21;5
108;USDJPY;BACKTEST;v1.0;BUY;2025-05-05 00:50:00;2025-05-05 02:00:29;144.586;144.586;144.586;144.985;0.00;1.0000;STOP_LOSS;false;0.9731;true;true;false;true;false;true;false;false;false;false;false;0.8373;1.1042;0.9731;1.00;0.00;ASIA;0;1
109;USDJPY;BACKTEST;v1.0;BUY;2025-05-05 02:15:00;2025-05-05 02:20:28;144.366;144.256;144.256;144.696;-152.51;-1.0000;STOP_LOSS;false;0.8693;true;true;false;true;false;true;false;false;false;false;false;0.9093;0.8425;0.8693;1.00;0.00;ASIA;2;1
110;USDJPY;BACKTEST;v1.0;BUY;2025-05-05 02:35:00;2025-05-05 06:10:16;144.215;144.051;144.051;144.707;-113.85;-1.0000;STOP_LOSS;false;1.0487;true;false;false;false;false;true;false;false;false;false;false;0.8868;1.7983;1.0487;1.00;0.00;ASIA;2;1
111;USDJPY;BACKTEST;v1.0;BUY;2025-05-07 23:00:00;2025-05-08 02:51:28;143.748;143.545;143.545;144.357;-120.97;-1.0000;STOP_LOSS;false;0.8993;true;true;false;true;false;true;false;false;false;false;false;0.9966;1.5239;0.8993;1.00;0.00;ASIA;23;3
112;USDJPY;BACKTEST;v1.0;BUY;2025-05-08 02:55:00;2025-05-08 06:11:39;143.537;143.981;143.537;143.981;616.74;15621861207442.0000;TAKE_PROFIT;true;1.4802;true;true;true;true;true;true;false;false;true;false;true;0.7440;0.3756;1.4802;1.00;0.00;ASIA;2;4
113;USDJPY;BACKTEST;v1.0;BUY;2025-05-08 06:15:00;2025-05-08 11:35:00;144.032;144.714;144.032;145.790;4.71;23995741764584.0000;MANUAL_OR_OTHER;false;0.6303;true;true;false;false;false;true;false;false;false;false;false;1.0476;3.3981;0.6303;1.00;0.00;LONDON;6;4
114;USDJPY;BACKTEST;v1.0;BUY;2025-05-08 11:50:00;2025-05-08 12:23:40;144.757;144.600;144.600;145.228;-217.16;-1.0000;STOP_LOSS;false;1.0000;true;true;false;false;false;true;false;false;false;false;false;1.0311;3.9645;1.0000;1.00;0.00;LONDON;11;4
115;USDJPY;BACKTEST;v1.0;BUY;2025-05-08 12:25:00;2025-05-08 13:37:37;144.679;144.679;144.679;145.078;0.00;0.0000;STOP_LOSS;true;1.4586;true;true;true;true;true;true;false;false;false;false;false;0.9332;4.2392;1.4586;1.00;0.00;NEW_YORK;12;4
116;USDJPY;BACKTEST;v1.0;BUY;2025-05-08 13:45:00;2025-05-08 14:49:26;144.677;144.451;144.451;145.355;-156.46;-1.0000;STOP_LOSS;false;1.0685;true;true;false;false;false;true;false;false;false;false;false;1.0073;3.4522;1.0685;1.00;0.00;NEW_YORK;13;4
117;USDJPY;BACKTEST;v1.0;BUY;2025-05-08 14:55:00;2025-05-08 15:25:29;144.486;144.822;144.486;144.822;464.01;0.0000;TAKE_PROFIT;false;1.0288;true;true;true;true;false;true;false;false;false;false;false;1.0451;3.0311;1.0288;1.00;0.00;NEW_YORK;14;4
118;USDJPY;BACKTEST;v1.0;BUY;2025-05-08 15:30:00;2025-05-08 21:25:00;144.865;145.831;144.865;146.338;6.62;33988103437812.0000;MANUAL_OR_OTHER;false;0.5385;true;true;false;false;false;true;false;false;false;false;true;0.8576;5.2425;0.5385;1.00;0.00;OFF_HOURS;15;4
119;USDJPY;BACKTEST;v1.0;BUY;2025-05-08 21:30:00;2025-05-09 01:01:39;145.842;145.842;145.842;146.121;61.39;1.0000;STOP_LOSS;true;2.0636;true;true;false;true;true;true;false;false;true;false;false;0.6133;5.5217;2.0636;1.00;0.00;ASIA;21;4
120;USDJPY;BACKTEST;v1.0;BUY;2025-05-09 01:05:00;2025-05-09 01:46:37;145.892;145.892;145.892;146.438;0.00;0.0000;STOP_LOSS;false;1.0575;true;true;false;true;false;true;false;false;false;false;false;0.8043;3.7518;1.0575;1.00;0.00;ASIA;1;5
121;USDJPY;BACKTEST;v1.0;BUY;2025-05-09 01:50:00;2025-05-09 01:56:38;145.834;145.704;145.704;146.224;-178.45;-1.0000;STOP_LOSS;true;1.4795;true;true;false;false;false;true;false;false;false;false;false;0.8043;3.7518;1.4795;1.00;0.00;ASIA;1;5
122;USDJPY;BACKTEST;v1.0;BUY;2025-05-09 02:05:00;2025-05-09 03:43:25;145.728;145.728;145.728;146.094;0.00;1.0000;STOP_LOSS;false;0.8624;true;true;false;true;false;true;false;false;false;false;true;1.0596;1.9503;0.8624;1.00;0.00;ASIA;2;5
123;USDJPY;BACKTEST;v1.0;BUY;2025-05-09 03:45:00;2025-05-09 04:01:27;145.739;145.564;145.564;146.264;-120.23;-1.0000;STOP_LOSS;true;1.1045;true;true;false;true;false;true;false;false;false;false;true;1.0882;1.5976;1.1045;1.00;0.00;ASIA;3;5
124;USDJPY;BACKTEST;v1.0;BUY;2025-05-09 04:05:00;2025-05-09 06:58:28;145.556;145.405;145.405;146.009;-207.69;-1.0000;STOP_LOSS;false;0.8631;true;false;false;false;false;true;false;false;false;false;false;0.7887;0.7234;0.8631;1.00;0.00;ASIA;4;5
125;USDJPY;BACKTEST;v1.0;BUY;2025-05-09 21:00:00;2025-05-11 22:00:00;145.301;145.940;145.088;145.940;477.59;3.0000;TAKE_PROFIT;false;1.0488;true;true;false;true;false;true;false;false;true;false;false;0.5463;0.8955;1.0488;1.00;0.00;OFF_HOURS;21;5
126;USDJPY;BACKTEST;v1.0;BUY;2025-05-11 22:00:00;2025-05-12 14:25:00;146.347;147.870;146.347;150.124;10.50;53585798691292.0000;MANUAL_OR_OTHER;false;1.0209;true;true;false;false;true;true;false;false;false;false;false;1.0380;5.7644;1.0209;1.00;0.00;NEW_YORK;22;0
127;USDJPY;BACKTEST;v1.0;BUY;2025-05-12 14:30:00;2025-05-12 17:33:16;147.931;148.369;147.931;148.369;590.41;15410754974909.0000;TAKE_PROFIT;false;0.7435;true;true;true;true;false;true;false;false;false;false;true;0.8389;4.5228;0.7435;1.00;0.00;NEW_YORK;14;1
128;USDJPY;BACKTEST;v1.0;BUY;2025-05-12 17:35:00;2025-05-13 01:38:29;148.347;147.972;147.972;149.472;-2.33;-1.0000;STOP_LOSS;true;1.1855;true;true;false;true;false;true;false;false;true;false;false;0.7405;0.7272;1.1855;1.00;0.00;ASIA;17;1
129;USDJPY;BACKTEST;v1.0;BUY;2025-05-13 01:50:00;2025-05-13 01:55:38;147.991;147.840;147.840;148.444;-204.27;-1.0000;STOP_LOSS;true;1.5404;true;true;false;true;false;true;false;false;false;false;false;0.8214;0.4921;1.5404;1.00;0.00;ASIA;1;2
130;USDJPY;BACKTEST;v1.0;BUY;2025-05-13 02:05:00;2025-05-13 02:50:38;147.838;147.838;147.838;148.147;0.00;0.0000;STOP_LOSS;false;1.0787;true;false;false;true;false;false;true;false;false;false;false;0.9863;0.1350;1.0787;1.00;0.00;ASIA;2;2
131;USDJPY;BACKTEST;v1.0;BUY;2025-05-13 13:50:00;2025-05-13 14:23:37;147.978;147.791;147.791;148.539;-126.54;-1.0000;STOP_LOSS;false;1.0114;true;true;false;true;false;false;true;false;false;false;false;1.0130;0.2125;1.0114;1.00;0.00;NEW_YORK;13;2
132;USDJPY;BACKTEST;v1.0;BUY;2025-05-13 14:30:00;2025-05-13 16:05:16;147.792;147.792;147.792;148.308;0.00;0.0000;STOP_LOSS;false;1.0809;true;true;false;true;false;false;false;true;false;false;false;1.3537;0.2945;1.0809;1.00;0.00;NEW_YORK;14;2
133;USDJPY;BACKTEST;v1.0;BUY;2025-05-13 16:10:00;2025-05-13 17:07:18;147.892;147.598;147.598;148.774;-199.19;-1.0000;STOP_LOSS;false;0.9310;true;true;false;false;false;false;true;true;false;false;false;1.4142;0.1175;0.9310;1.00;0.00;NEW_YORK;16;2
134;USDJPY;BACKTEST;v1.0;BUY;2025-05-13 17:10:00;2025-05-13 17:40:15;147.666;147.548;147.548;148.020;-159.94;-1.0000;STOP_LOSS;false;0.8231;true;false;false;true;false;false;true;false;false;false;false;1.2128;0.0234;0.8231;1.00;0.00;NEW_YORK;17;2
135;USDJPY;BACKTEST;v1.0;BUY;2025-05-27 12:00:00;2025-05-28 18:00:00;144.145;144.905;144.145;145.897;5.44;26740122787513.0000;MANUAL_OR_OTHER;false;0.7789;true;true;false;false;false;true;false;false;false;false;false;0.9318;2.2616;0.7789;1.00;0.00;NEW_YORK;12;2
136;USDJPY;BACKTEST;v1.0;BUY;2025-05-28 18:10:00;2025-05-28 18:24:38;144.921;144.820;144.820;145.224;-209.23;-1.0000;STOP_LOSS;false;0.7761;true;true;false;true;false;true;false;false;false;false;true;0.8821;2.4929;0.7761;1.00;0.00;NEW_YORK;18;3
137;USDJPY;BACKTEST;v1.0;BUY;2025-05-28 18:30:00;2025-05-28 19:51:00;144.874;144.874;144.874;145.192;0.00;0.0000;STOP_LOSS;false;0.9008;true;true;false;true;false;true;false;false;true;false;false;0.6499;3.9776;0.9008;1.00;0.00;NEW_YORK;18;3
138;USDJPY;BACKTEST;v1.0;BUY;2025-05-28 19:55:00;2025-05-29 00:10:15;144.841;145.255;144.841;145.255;610.94;14566330044777.0000;TAKE_PROFIT;true;2.2198;true;true;true;true;false;true;false;false;true;false;false;0.5581;3.1229;2.2198;1.00;0.00;ASIA;19;3
139;USDJPY;BACKTEST;v1.0;BUY;2025-05-29 00:15:00;2025-05-29 03:40:00;145.336;145.693;145.336;147.307;2.45;12560820835714.0000;MANUAL_OR_OTHER;false;0.7243;true;true;false;false;false;true;false;true;false;false;true;2.1083;1.6006;0.7243;1.00;0.00;ASIA;0;4
140;USDJPY;BACKTEST;v1.0;BUY;2025-05-29 03:45:00;2025-05-29 05:30:30;145.683;145.683;145.683;146.109;0.00;0.0000;STOP_LOSS;false;0.6458;true;true;false;true;false;true;false;false;false;false;true;1.0918;3.7532;0.6458;1.00;0.00;ASIA;3;4
141;USDJPY;BACKTEST;v1.0;BUY;2025-05-29 05:35:00;2025-05-29 07:25:18;145.700;145.700;145.700;146.114;0.00;0.0000;STOP_LOSS;true;1.5735;true;true;false;true;false;true;false;false;false;false;false;0.8135;3.8090;1.5735;1.00;0.00;LONDON;5;4
142;USDJPY;BACKTEST;v1.0;BUY;2025-05-29 07:40:00;2025-05-29 07:47:29;145.624;145.510;145.510;145.966;-156.70;-1.0000;STOP_LOSS;false;1.0983;true;true;false;false;false;true;false;false;false;false;false;0.8956;3.0866;1.0983;1.00;0.00;LONDON;7;4
143;USDJPY;BACKTEST;v1.0;BUY;2025-05-29 07:50:00;2025-05-29 08:01:25;145.586;145.455;145.455;145.979;-180.13;-1.0000;STOP_LOSS;false;1.0179;true;true;false;false;false;true;false;false;false;false;false;0.8845;2.9697;1.0179;1.00;0.00;LONDON;7;4
144;USDJPY;BACKTEST;v1.0;BUY;2025-05-29 08:10:00;2025-05-29 08:15:15;145.481;145.343;145.343;145.895;-189.90;-1.0000;STOP_LOSS;false;0.9896;true;true;false;true;true;true;false;false;false;false;false;0.9175;2.6212;0.9896;1.00;0.00;LONDON;8;4
145;USDJPY;BACKTEST;v1.0;BUY;2025-05-29 08:25:00;2025-05-29 08:46:39;145.406;145.292;145.292;145.748;-156.93;-1.0000;STOP_LOSS;false;0.8991;true;true;false;true;false;true;false;false;false;false;false;0.9320;2.1961;0.8991;1.00;0.00;LONDON;8;4
146;USDJPY;BACKTEST;v1.0;BUY;2025-05-29 09:00:00;2025-05-29 09:12:28;145.261;145.144;145.144;145.612;-161.22;-1.0000;STOP_LOSS;false;0.8941;true;true;false;true;false;true;false;false;false;false;false;0.9545;1.9143;0.8941;1.00;0.00;LONDON;9;4
147;USDJPY;BACKTEST;v1.0;BUY;2025-05-29 09:20:00;2025-05-29 10:29:30;145.268;145.080;145.080;145.832;-129.58;-1.0000;STOP_LOSS;false;0.9410;true;true;false;true;false;true;false;false;false;false;false;0.9985;0.8352;0.9410;1.00;0.00;LONDON;9;4
148;USDJPY;BACKTEST;v1.0;BUY;2025-05-29 10:40:00;2025-05-29 11:18:27;145.079;145.079;145.079;145.403;0.00;1.0000;STOP_LOSS;true;1.1261;true;true;false;true;false;false;true;false;false;false;false;0.8518;0.0239;1.1261;1.00;0.00;LONDON;10;4
149;USDJPY;BACKTEST;v1.0;BUY;2025-05-29 11:20:00;2025-05-29 11:26:37;145.082;144.971;144.971;145.415;-153.13;-1.0000;STOP_LOSS;true;1.2058;true;true;false;false;false;false;true;false;false;false;false;0.8518;0.0239;1.2058;1.00;0.00;LONDON;11;4
150;USDJPY;BACKTEST;v1.0;BUY;2025-06-03 22:00:00;2025-06-03 22:01:15;143.904;143.780;143.780;144.276;-172.66;-1.0000;STOP_LOSS;true;1.2126;true;true;false;true;false;true;false;false;true;false;false;0.5887;7.5198;1.2126;1.00;0.00;OFF_HOURS;22;2
151;USDJPY;BACKTEST;v1.0;BUY;2025-06-03 22:05:00;2025-06-04 07:42:44;143.908;143.908;143.908;144.877;0.20;0.0000;STOP_LOSS;false;1.0784;true;true;false;false;false;true;false;false;false;false;false;1.1736;0.4437;1.0784;1.00;0.00;LONDON;22;2
152;USDJPY;BACKTEST;v1.0;BUY;2025-06-04 07:45:00;2025-06-04 08:05:39;143.926;143.826;143.826;144.226;-139.06;-1.0000;STOP_LOSS;true;1.3796;true;true;false;true;false;true;false;false;false;false;false;1.1684;0.5866;1.3796;1.00;0.00;LONDON;7;3
153;USDJPY;BACKTEST;v1.0;BUY;2025-06-04 08:10:00;2025-06-04 09:04:36;143.848;144.133;143.848;144.133;593.20;10027546045318.0000;TAKE_PROFIT;true;1.1936;true;true;true;true;false;true;false;false;false;false;false;1.2175;0.6376;1.1936;1.00;0.00;LONDON;8;3
154;USDJPY;BACKTEST;v1.0;BUY;2025-06-04 09:05:00;2025-06-04 13:20:14;144.154;143.738;143.738;145.402;-2.89;-1.0000;STOP_LOSS;true;2.6828;true;true;false;true;false;true;false;false;false;false;false;0.8755;0.6564;2.6828;1.00;0.00;NEW_YORK;9;3
155;USDJPY;BACKTEST;v1.0;BUY;2025-06-04 13:25:00;2025-06-04 13:42:27;143.677;143.574;143.574;143.986;-215.22;-1.0000;STOP_LOSS;true;1.2839;true;true;false;true;false;true;false;false;false;false;false;1.1633;0.4913;1.2839;1.00;0.00;NEW_YORK;13;3
156;USDJPY;BACKTEST;v1.0;BUY;2025-06-04 13:55:00;2025-06-04 15:00:00;143.590;143.590;143.590;144.019;0.00;0.0000;STOP_LOSS;false;1.0406;true;true;false;true;false;false;true;false;false;false;false;1.1980;0.0214;1.0406;1.00;0.00;NEW_YORK;13;3
157;USDJPY;BACKTEST;v1.0;BUY;2025-06-06 05:00:00;2025-06-06 07:33:34;143.758;144.058;143.758;144.058;624.75;10555311626650.0000;TAKE_PROFIT;true;1.5478;true;true;true;true;false;true;false;false;false;false;false;0.8015;1.4998;1.5478;1.00;0.00;LONDON;5;5
158;USDJPY;BACKTEST;v1.0;BUY;2025-06-06 07:35:00;2025-06-06 19:40:00;144.098;144.808;144.098;145.376;4.90;24980904183071.0000;MANUAL_OR_OTHER;false;1.0865;true;true;false;false;true;true;false;false;false;false;true;0.7855;4.9401;1.0865;1.00;0.00;NEW_YORK;7;5
159;USDJPY;BACKTEST;v1.0;BUY;2025-06-06 19:45:00;2025-06-08 22:10:00;144.852;144.751;144.751;145.155;-86.55;-1.0000;STOP_LOSS;false;0.1134;true;true;false;true;false;true;false;false;true;false;false;0.4772;5.5515;0.1134;1.00;0.00;OFF_HOURS;19;5
160;USDJPY;BACKTEST;v1.0;BUY;2025-06-08 22:10:00;2025-06-08 22:55:20;144.751;144.751;144.751;144.877;0.00;0.0000;STOP_LOSS;false;0.4889;true;true;false;true;false;true;false;false;true;false;true;0.4190;5.4522;0.4889;1.00;0.00;OFF_HOURS;22;0
161;USDJPY;BACKTEST;v1.0;BUY;2025-06-08 23:00:00;2025-06-08 23:13:05;144.766;144.691;144.691;144.991;-207.34;-1.0000;STOP_LOSS;true;3.0278;true;true;false;false;false;true;false;false;true;false;false;0.4118;5.1896;3.0278;1.00;0.00;OFF_HOURS;23;0
162;USDJPY;BACKTEST;v1.0;BUY;2025-06-08 23:15:00;2025-06-09 00:11:10;144.714;144.639;144.639;144.939;-125.55;-1.0000;STOP_LOSS;true;1.8302;true;true;false;true;false;true;false;false;true;false;false;0.4092;3.6772;1.8302;1.00;0.00;ASIA;23;0
163;USDJPY;BACKTEST;v1.0;BUY;2025-06-09 00:15:00;2025-06-09 01:02:03;144.636;144.636;144.636;144.885;0.00;0.0000;STOP_LOSS;true;1.1117;true;true;false;true;false;true;false;false;true;false;false;0.5143;1.6639;1.1117;1.00;0.00;ASIA;0;1
164;USDJPY;BACKTEST;v1.0;BUY;2025-06-09 01:05:00;2025-06-09 01:52:30;144.611;144.884;144.611;144.884;565.28;0.0000;TAKE_PROFIT;true;1.4255;true;true;false;true;false;true;false;false;true;false;false;0.6432;0.8136;1.4255;1.00;0.00;ASIA;1;1
165;USDJPY;BACKTEST;v1.0;BUY;2025-06-09 01:55:00;2025-06-09 02:45:40;144.853;144.520;144.520;145.852;-2.30;-1.0000;STOP_LOSS;false;0.8235;true;true;false;false;true;false;true;false;false;false;false;0.9932;0.0225;0.8235;1.00;0.00;ASIA;1;1
166;USDJPY;BACKTEST;v1.0;BUY;2025-06-09 02:55:00;2025-06-09 03:09:27;144.535;144.416;144.416;144.892;-164.80;-1.0000;STOP_LOSS;true;1.1994;true;false;false;true;true;false;true;false;false;false;false;1.0480;0.1491;1.1994;1.00;0.00;ASIA;2;1
167;USDJPY;BACKTEST;v1.0;BUY;2025-06-09 15:30:00;2025-06-09 16:20:28;144.611;144.477;144.477;145.013;-185.50;-1.0000;STOP_LOSS;false;0.8501;true;true;false;true;false;true;false;false;false;false;false;1.0972;0.7308;0.8501;1.00;0.00;NEW_YORK;15;1
168;USDJPY;BACKTEST;v1.0;BUY;2025-06-09 16:45:00;2025-06-10 01:21:15;144.416;144.416;144.416;144.737;40.93;0.0000;STOP_LOSS;true;1.5820;true;true;false;false;true;true;false;false;false;false;false;0.9489;1.0983;1.5820;1.00;0.00;ASIA;16;1
169;USDJPY;BACKTEST;v1.0;BUY;2025-06-10 01:35:00;2025-06-10 02:04:29;144.475;144.475;144.475;144.868;0.00;0.0000;STOP_LOSS;true;1.1382;true;true;false;true;false;true;false;false;false;false;false;1.0436;0.6811;1.1382;1.00;0.00;ASIA;1;2
170;USDJPY;BACKTEST;v1.0;BUY;2025-06-10 02:05:00;2025-06-10 02:39:30;144.481;144.892;144.481;144.892;567.32;0.0000;TAKE_PROFIT;true;1.1265;true;true;true;true;true;true;false;true;false;true;false;1.3297;0.4188;1.1265;1.00;0.00;ASIA;2;2
171;USDJPY;BACKTEST;v1.0;BUY;2025-06-10 02:40:00;2025-06-11 13:36:36;144.903;144.344;144.344;146.580;-3.67;-1.0000;STOP_LOSS;true;2.0690;true;true;false;true;false;true;false;false;false;false;false;0.8917;0.9671;2.0690;1.00;0.00;NEW_YORK;2;2
172;USDJPY;BACKTEST;v1.0;BUY;2025-06-11 13:40:00;2025-06-11 15:45:00;144.514;144.758;144.514;145.258;168.56;8584986789676.0000;MANUAL_OR_OTHER;false;0.8386;true;true;false;true;false;false;true;true;false;false;false;2.0102;0.0385;0.8386;1.00;0.00;NEW_YORK;13;3
173;USDJPY;BACKTEST;v1.0;BUY;2025-06-11 15:45:00;2025-06-11 23:55:36;144.768;144.266;144.266;146.274;-3.48;-1.0000;STOP_LOSS;true;2.3488;true;false;false;true;false;true;false;false;true;false;true;0.6257;2.9100;2.3488;1.00;0.00;OFF_HOURS;15;3
174;USDJPY;BACKTEST;v1.0;BUY;2025-06-16 00:00:00;2025-06-16 15:00:38;144.461;143.745;143.745;146.609;-4.99;-1.0000;STOP_LOSS;true;1.6194;true;false;false;true;false;true;false;false;false;false;false;1.0709;1.3222;1.6194;1.00;0.00;NEW_YORK;0;1
175;USDJPY;BACKTEST;v1.0;BUY;2025-06-16 20:00:00;2025-06-23 10:00:19;144.600;147.621;144.600;147.621;21.90;0.0000;TAKE_PROFIT;false;1.0780;true;true;true;true;false;true;false;false;false;false;false;1.1649;3.4705;1.0780;1.00;0.00;LONDON;20;1
176;USDJPY;BACKTEST;v1.0;BUY;2025-06-23 10:05:00;2025-06-23 15:03:46;147.706;146.983;146.983;149.875;-4.92;-1.0000;STOP_LOSS;true;1.1833;true;true;false;false;false;true;false;false;false;false;false;0.9853;3.7867;1.1833;1.00;0.00;NEW_YORK;10;1
177;USDJPY;BACKTEST;v1.0;BUY;2025-06-23 15:05:00;2025-06-23 15:08:29;147.033;146.920;146.920;147.372;-230.74;-1.0000;STOP_LOSS;true;1.7346;true;true;false;true;false;true;false;false;false;false;false;0.9853;3.7867;1.7346;1.00;0.00;NEW_YORK;15;1
178;USDJPY;BACKTEST;v1.0;BUY;2025-06-23 15:10:00;2025-06-23 15:12:18;146.990;146.865;146.865;147.365;-170.22;-1.0000;STOP_LOSS;true;1.5020;true;true;false;true;false;true;false;false;false;false;false;0.9853;3.7867;1.5020;1.00;0.00;NEW_YORK;15;1
179;USDJPY;BACKTEST;v1.0;BUY;2025-06-23 15:25:00;2025-06-23 15:55:02;146.711;146.565;146.565;147.149;-199.23;-1.0000;STOP_LOSS;false;0.8368;true;true;false;false;false;true;false;true;false;true;false;1.2696;1.9110;0.8368;1.00;0.00;NEW_YORK;15;1
180;USDJPY;BACKTEST;v1.0;BUY;2025-06-23 16:00:00;2025-06-23 16:10:30;146.563;146.435;146.435;146.947;-174.82;-1.0000;STOP_LOSS;false;0.8425;true;true;false;true;false;true;false;true;false;false;false;1.3286;1.4567;0.8425;1.00;0.00;NEW_YORK;16;1
181;USDJPY;BACKTEST;v1.0;BUY;2025-06-23 16:25:00;2025-06-23 17:24:37;146.407;146.407;146.407;146.719;0.00;1.0000;STOP_LOSS;false;1.0261;true;false;false;true;false;true;false;false;false;false;true;1.2225;0.3928;1.0261;1.00;0.00;NEW_YORK;16;1
182;USDJPY;BACKTEST;v1.0;BUY;2025-07-02 19:00:00;2025-07-02 21:59:48;143.703;143.562;143.562;144.126;-196.43;-1.0000;STOP_LOSS;false;0.9167;true;false;true;true;false;true;false;false;true;false;true;0.4618;2.6668;0.9167;1.00;0.00;OFF_HOURS;19;3
183;USDJPY;BACKTEST;v1.0;BUY;2025-07-03 13:15:00;2025-07-07 10:11:20;143.904;145.350;143.904;145.350;10.77;0.0000;TAKE_PROFIT;false;0.9469;true;true;true;true;false;true;false;false;false;false;false;1.1290;3.3468;0.9469;1.00;0.00;LONDON;13;4
184;USDJPY;BACKTEST;v1.0;BUY;2025-07-07 10:15:00;2025-07-08 14:09:37;145.369;146.719;145.369;146.719;9.40;0.0000;TAKE_PROFIT;false;1.0923;true;true;true;true;false;true;false;false;false;false;false;0.7839;2.0781;1.0923;1.00;0.00;NEW_YORK;10;1
185;USDJPY;BACKTEST;v1.0;BUY;2025-07-08 14:10:00;2025-07-10 01:06:38;146.716;145.998;145.998;148.870;-4.50;-1.0000;STOP_LOSS;true;2.3697;true;false;false;false;false;true;false;false;false;false;false;0.8033;1.8652;2.3697;1.00;0.00;ASIA;14;2
186;USDJPY;BACKTEST;v1.0;BUY;2025-07-11 08:00:00;2025-07-14 01:59:38;146.922;146.922;146.922;147.651;61.39;0.0000;STOP_LOSS;true;1.4379;true;true;false;true;false;true;false;false;false;false;false;1.2210;0.4015;1.4379;1.00;0.00;ASIA;8;5
187;USDJPY;BACKTEST;v1.0;BUY;2025-07-14 02:05:00;2025-07-14 02:12:38;147.000;146.866;146.866;147.402;-182.49;-1.0000;STOP_LOSS;false;0.9708;true;true;false;true;false;false;true;true;false;false;false;1.2940;0.2246;0.9708;1.00;0.00;ASIA;2;1
188;USDJPY;BACKTEST;v1.0;BUY;2025-07-14 02:15:00;2025-07-14 03:31:38;146.906;147.230;146.906;147.230;440.13;11399736556782.0000;TAKE_PROFIT;false;0.8971;true;false;false;true;false;true;false;false;false;false;false;1.2321;0.5388;0.8971;1.00;0.00;ASIA;2;1
189;USDJPY;BACKTEST;v1.0;BUY;2025-07-14 07:50:00;2025-07-14 09:05:37;147.263;147.263;147.263;147.551;0.00;1.0000;STOP_LOSS;true;1.2733;true;true;false;true;false;false;false;false;false;false;false;1.0492;0.2832;1.2733;1.00;0.00;LONDON;7;1
190;USDJPY;BACKTEST;v1.0;BUY;2025-07-14 09:20:00;2025-07-14 13:17:04;147.241;147.241;147.241;147.610;0.00;1.0000;STOP_LOSS;true;1.1595;true;true;false;true;false;false;true;false;false;false;false;0.8478;0.1648;1.1595;1.00;0.00;NEW_YORK;9;1
191;USDJPY;BACKTEST;v1.0;BUY;2025-07-14 13:20:00;2025-07-14 16:04:14;147.235;147.559;147.235;147.559;658.72;11399736556782.0000;TAKE_PROFIT;true;1.2579;true;true;true;true;false;true;false;false;false;false;false;0.9970;0.5637;1.2579;1.00;0.00;NEW_YORK;13;1
192;USDJPY;BACKTEST;v1.0;BUY;2025-07-14 16:05:00;2025-07-15 15:31:30;147.590;148.877;147.590;148.877;8.84;0.0000;TAKE_PROFIT;false;0.8367;true;true;true;true;false;true;false;true;false;false;false;2.2615;1.2869;0.8367;1.00;0.00;NEW_YORK;16;1
193;USDJPY;BACKTEST;v1.0;BUY;2025-07-15 15:35:00;2025-07-16 16:16:16;148.868;147.609;147.609;152.645;-8.33;-1.0000;STOP_LOSS;true;1.2733;true;false;false;true;true;true;false;true;false;true;false;1.8179;0.5827;1.2733;1.00;0.00;NEW_YORK;15;2
194;USDJPY;BACKTEST;v1.0;BUY;2025-07-17 03:45:00;2025-07-17 14:41:04;148.452;148.452;148.452;149.148;0.00;0.0000;STOP_LOSS;false;0.9162;false;true;false;true;true;true;false;true;false;true;false;1.3665;1.2855;0.9162;1.00;0.00;NEW_YORK;3;4
195;USDJPY;BACKTEST;v1.0;BUY;2025-07-18 06:00:00;2025-07-18 13:14:00;148.678;148.354;148.354;149.650;-218.40;-1.0000;STOP_LOSS;true;1.2869;true;true;false;true;false;true;false;false;false;false;false;0.9320;0.4589;1.2869;1.00;0.00;NEW_YORK;6;5
196;USDJPY;BACKTEST;v1.0;BUY;2025-07-18 13:25:00;2025-07-18 14:20:39;148.377;148.263;148.263;148.719;-153.78;-1.0000;STOP_LOSS;false;1.0033;true;false;false;false;false;true;false;false;false;false;false;1.0721;0.4088;1.0033;1.00;0.00;NEW_YORK;13;5
197;USDJPY;BACKTEST;v1.0;BUY;2025-07-18 20:00:00;2025-07-20 22:01:00;148.773;148.304;148.304;150.180;-2.76;-1.0000;STOP_LOSS;true;1.8654;true;true;true;true;false;true;false;false;true;false;false;0.5525;2.2086;1.8654;1.00;0.00;OFF_HOURS;20;5
198;USDJPY;BACKTEST;v1.0;BUY;2025-07-20 22:05:00;2025-07-20 23:00:16;147.959;148.355;147.959;148.355;533.84;0.0000;TAKE_PROFIT;true;1.7436;true;true;false;true;false;true;false;false;false;false;false;1.2459;0.4141;1.7436;1.00;0.00;OFF_HOURS;22;0
199;USDJPY;BACKTEST;v1.0;BUY;2025-07-20 23:05:00;2025-07-21 07:31:40;148.415;147.827;147.827;150.179;-3.77;-1.0000;STOP_LOSS;true;1.4298;true;false;false;true;false;true;false;false;false;false;false;0.8220;1.1523;1.4298;1.00;0.00;LONDON;23;0
200;USDJPY;BACKTEST;v1.0;BUY;2025-07-25 00:00:00;2025-07-25 04:35:00;147.062;147.304;147.062;147.872;164.29;8514618045498.0000;MANUAL_OR_OTHER;true;1.1831;true;true;false;false;false;true;false;false;false;false;true;1.1574;2.0170;1.1831;1.00;0.00;ASIA;0;5
201;USDJPY;BACKTEST;v1.0;BUY;2025-07-25 04:40:00;2025-07-25 04:52:40;147.323;147.234;147.234;147.590;-241.79;-1.0000;STOP_LOSS;false;0.5882;true;true;false;true;false;true;false;false;false;false;false;1.0696;2.2055;0.5882;1.00;0.00;ASIA;4;5
202;USDJPY;BACKTEST;v1.0;BUY;2025-07-25 05:00:00;2025-07-25 05:51:38;147.217;147.133;147.133;147.469;-228.37;-1.0000;STOP_LOSS;false;0.9497;true;true;false;true;false;true;false;false;false;false;true;0.8942;2.8551;0.9497;1.00;0.00;ASIA;5;5
203;USDJPY;BACKTEST;v1.0;BUY;2025-07-25 06:00:00;2025-07-25 06:55:18;147.142;147.042;147.042;147.442;-204.03;-1.0000;STOP_LOSS;false;0.9086;true;true;false;false;false;true;false;false;false;false;false;0.8636;2.6831;0.9086;1.00;0.00;ASIA;6;5
204;USDJPY;BACKTEST;v1.0;BUY;2025-07-25 07:00:00;2025-07-25 09:04:36;146.928;147.447;146.928;147.447;351.99;0.0000;TAKE_PROFIT;false;1.0931;true;true;true;true;false;true;false;true;false;false;true;1.3422;0.4819;1.0931;1.00;0.00;LONDON;7;5
205;USDJPY;BACKTEST;v1.0;BUY;2025-07-25 09:05:00;2025-07-31 08:44:30;147.480;149.655;147.480;149.655;15.76;0.0000;TAKE_PROFIT;false;0.9291;true;false;true;true;false;true;false;false;false;false;false;1.2093;1.5259;0.9291;1.00;0.00;LONDON;9;5
206;USDJPY;BACKTEST;v1.0;BUY;2025-07-31 10:45:00;2025-08-01 13:55:14;149.857;148.627;148.627;153.547;-8.08;-1.0000;STOP_LOSS;true;1.6823;true;false;false;true;false;true;false;true;false;true;false;1.9919;0.8448;1.6823;1.00;0.00;NEW_YORK;10;4
207;USDJPY;BACKTEST;v1.0;BUY;2025-08-06 01:10:00;2025-08-06 04:05:47;147.497;147.497;147.497;147.794;0.00;1.0000;STOP_LOSS;false;0.9433;true;true;false;false;false;false;true;false;false;false;false;1.1558;0.2095;0.9433;1.00;0.00;ASIA;1;3
208;USDJPY;BACKTEST;v1.0;BUY;2025-08-06 04:10:00;2025-08-06 04:16:40;147.501;147.416;147.416;147.756;-230.64;-1.0000;STOP_LOSS;false;0.6618;true;true;false;true;false;false;true;false;false;false;false;1.1775;0.1833;0.6618;1.00;0.00;ASIA;4;3
209;USDJPY;BACKTEST;v1.0;BUY;2025-08-06 04:40:00;2025-08-06 05:25:40;147.403;147.321;147.321;147.649;-222.65;-1.0000;STOP_LOSS;false;0.7456;true;false;false;true;false;false;true;false;false;false;false;1.1383;0.0216;0.7456;1.00;0.00;ASIA;4;3
210;USDJPY;BACKTEST;v1.0;BUY;2025-08-06 10:30:00;2025-08-06 12:23:28;147.793;147.481;147.481;148.729;-211.56;-1.0000;STOP_LOSS;false;0.8470;true;true;false;true;false;true;false;false;false;false;false;1.1453;0.8869;0.8470;1.00;0.00;LONDON;10;3
211;USDJPY;BACKTEST;v1.0;BUY;2025-08-06 12:40:00;2025-08-06 14:00:40;147.479;147.394;147.394;147.734;-173.01;-1.0000;STOP_LOSS;true;1.4158;true;true;false;false;false;true;false;false;false;false;false;1.0460;0.7389;1.4158;1.00;0.00;NEW_YORK;12;3
212;USDJPY;BACKTEST;v1.0;BUY;2025-08-06 14:25:00;2025-08-06 14:43:29;147.346;147.346;147.346;147.625;0.00;0.0000;STOP_LOSS;true;1.7143;true;true;false;true;false;true;false;false;false;false;false;1.0388;0.4748;1.7143;1.00;0.00;NEW_YORK;14;3
213;USDJPY;BACKTEST;v1.0;BUY;2025-08-06 14:50:00;2025-08-06 14:51:40;147.362;147.252;147.252;147.692;-149.40;-1.0000;STOP_LOSS;true;1.3643;true;true;false;true;false;false;false;false;false;false;false;1.0446;0.3123;1.3643;1.00;0.00;NEW_YORK;14;3
214;USDJPY;BACKTEST;v1.0;BUY;2025-08-06 14:55:00;2025-08-06 15:24:22;147.296;147.296;147.296;147.599;0.00;0.0000;STOP_LOSS;false;1.0748;true;false;false;true;false;false;true;false;false;false;false;1.0844;0.0956;1.0748;1.00;0.00;NEW_YORK;14;3
215;USDJPY;BACKTEST;v1.0;BUY;2025-08-07 02:30:00;2025-08-07 07:29:40;147.632;147.095;147.095;149.243;-3.65;-1.0000;STOP_LOSS;false;1.0739;false;true;false;true;false;true;false;false;false;false;false;0.8547;1.3077;1.0739;1.00;0.00;LONDON;2;4
216;USDJPY;BACKTEST;v1.0;BUY;2025-08-08 16:00:00;2025-08-10 22:03:00;147.819;147.588;147.588;148.512;-115.71;-1.0000;STOP_LOSS;false;0.6789;true;true;false;true;false;true;false;false;false;false;false;0.7615;0.7198;0.6789;1.00;0.00;OFF_HOURS;16;5
217;USDJPY;BACKTEST;v1.0;BUY;2025-08-10 22:10:00;2025-08-11 01:15:00;147.555;147.611;147.555;147.972;116.81;1970324836975.0000;MANUAL_OR_OTHER;true;1.3671;true;false;false;true;true;true;false;false;false;false;false;0.9870;0.4061;1.3671;1.00;0.00;ASIA;22;0
218;USDJPY;BACKTEST;v1.0;BUY;2025-08-11 12:45:00;2025-08-12 13:30:40;147.867;147.867;147.867;149.592;0.20;0.0000;STOP_LOSS;true;1.5000;true;true;false;true;false;true;false;false;false;false;false;0.7843;1.4035;1.5000;1.00;0.00;NEW_YORK;12;1
219;USDJPY;BACKTEST;v1.0;BUY;2025-08-12 13:35:00;2025-08-12 14:44:36;148.102;148.102;148.102;148.975;0.00;0.0000;STOP_LOSS;false;0.8269;true;true;false;true;false;true;false;true;false;true;false;1.6819;0.4543;0.8269;1.00;0.00;NEW_YORK;13;2
220;USDJPY;BACKTEST;v1.0;BUY;2025-08-12 14:45:00;2025-08-12 16:06:45;148.033;148.033;148.033;148.699;0.00;0.0000;STOP_LOSS;false;0.8970;true;false;false;true;false;false;true;true;false;false;false;2.3864;0.0441;0.8970;1.00;0.00;NEW_YORK;14;2
221;USDJPY;BACKTEST;v1.0;BUY;2025-08-13 04:30:00;2025-08-13 08:12:18;148.075;147.671;147.671;149.287;-2.74;-1.0000;STOP_LOSS;true;1.1254;false;true;false;true;false;true;false;false;false;false;false;1.0472;1.5505;1.1254;1.00;0.00;LONDON;4;3
222;USDJPY;BACKTEST;v1.0;BUY;2025-08-18 06:00:00;2025-08-18 08:08:37;147.381;147.276;147.276;147.696;-142.59;-1.0000;STOP_LOSS;true;1.2099;true;true;false;true;true;true;false;false;false;false;false;1.0657;1.3750;1.2099;1.00;0.00;LONDON;6;1
223;USDJPY;BACKTEST;v1.0;BUY;2025-08-18 08:20:00;2025-08-18 13:25:20;147.205;147.634;147.205;147.634;581.17;15094095626109.0000;TAKE_PROFIT;true;1.2987;true;true;true;true;false;true;false;false;false;false;false;0.7894;0.3819;1.2987;1.00;0.00;NEW_YORK;8;1
224;USDJPY;BACKTEST;v1.0;BUY;2025-08-18 13:30:00;2025-08-20 07:10:45;147.680;147.307;147.307;148.799;-2.12;-1.0000;STOP_LOSS;true;2.1466;true;false;false;true;false;true;false;false;false;false;false;0.8283;0.8045;2.1466;1.00;0.00;LONDON;13;1
225;USDJPY;BACKTEST;v1.0;BUY;2025-08-21 16:00:00;2025-08-22 15:03:04;148.159;147.523;147.523;150.067;-4.11;-1.0000;STOP_LOSS;true;1.2969;true;true;false;false;false;true;false;false;false;false;false;1.0334;0.9589;1.2969;1.00;0.00;NEW_YORK;16;4
226;USDJPY;BACKTEST;v1.0;BUY;2025-08-22 15:05:00;2025-08-22 15:09:25;147.681;147.449;147.449;148.377;-157.34;-1.0000;STOP_LOSS;true;2.5228;true;true;false;true;false;true;false;false;false;false;false;1.0334;0.9589;2.5228;1.00;0.00;NEW_YORK;15;5
227;USDJPY;BACKTEST;v1.0;BUY;2025-08-22 15:25:00;2025-08-22 16:03:27;147.048;146.775;146.775;147.867;-186.00;-1.0000;STOP_LOSS;false;1.0220;true;false;false;false;false;true;false;true;false;false;false;2.4854;0.6990;1.0220;1.00;0.00;NEW_YORK;15;5
228;USDJPY;BACKTEST;v1.0;BUY;2025-08-27 02:15:00;2025-08-27 06:30:00;147.573;147.887;147.573;148.251;212.32;11047892835894.0000;MANUAL_OR_OTHER;true;1.1176;true;true;false;true;false;true;false;false;false;false;false;0.7654;4.0150;1.1176;1.00;0.00;ASIA;2;3
229;USDJPY;BACKTEST;v1.0;BUY;2025-08-27 06:30:00;2025-08-27 17:48:27;147.897;147.378;147.378;149.454;-3.52;-1.0000;STOP_LOSS;true;1.2261;true;true;false;true;false;false;true;true;false;true;false;1.2593;0.1697;1.2261;1.00;0.00;NEW_YORK;6;3
230;USDJPY;BACKTEST;v1.0;BUY;2025-08-27 17:55:00;2025-08-27 18:05:13;147.367;147.287;147.287;147.607;-217.26;-1.0000;STOP_LOSS;true;1.3718;true;false;false;true;false;false;true;true;false;true;false;1.2524;0.1458;1.3718;1.00;0.00;NEW_YORK;17;3
231;USDJPY;BACKTEST;v1.0;BUY;2025-09-01 14:00:00;2025-09-02 05:32:28;147.202;147.829;147.202;147.829;444.60;0.0000;TAKE_PROFIT;false;0.8595;true;true;true;true;false;true;false;true;false;false;true;1.8142;1.7739;0.8595;1.00;0.00;ASIA;14;1
232;USDJPY;BACKTEST;v1.0;BUY;2025-09-02 05:35:00;2025-09-02 13:18:34;147.844;148.831;147.844;148.831;663.17;0.0000;TAKE_PROFIT;true;1.3287;true;true;false;true;false;true;false;false;false;false;false;1.0952;4.9369;1.3287;1.00;0.00;NEW_YORK;5;2
233;USDJPY;BACKTEST;v1.0;BUY;2025-09-02 13:20:00;2025-09-02 14:40:15;148.819;148.455;148.455;149.911;-2.45;-1.0000;STOP_LOSS;true;1.1520;true;true;false;false;false;true;false;false;false;false;true;1.0934;4.1768;1.1520;1.00;0.00;NEW_YORK;13;2
234;USDJPY;BACKTEST;v1.0;BUY;2025-09-02 14:45:00;2025-09-02 15:00:16;148.396;148.299;148.299;148.687;-196.23;-1.0000;STOP_LOSS;false;0.9886;true;true;false;true;false;true;false;false;false;false;false;1.1116;3.7540;0.9886;1.00;0.00;NEW_YORK;14;2
235;USDJPY;BACKTEST;v1.0;BUY;2025-09-02 15:20:00;2025-09-02 15:24:26;148.059;147.958;147.958;148.362;-204.79;-1.0000;STOP_LOSS;true;1.1254;true;true;false;true;false;true;false;false;false;false;false;1.2171;3.1599;1.1254;1.00;0.00;NEW_YORK;15;2
236;USDJPY;BACKTEST;v1.0;BUY;2025-09-02 15:30:00;2025-09-03 01:01:29;148.063;148.615;148.063;148.615;391.89;0.0000;TAKE_PROFIT;true;1.5287;true;false;true;true;false;true;false;false;true;false;false;0.5781;0.4333;1.5287;1.00;0.00;ASIA;15;2
237;USDJPY;BACKTEST;v1.0;BUY;2025-09-03 01:45:00;2025-09-03 15:03:40;148.689;148.183;148.183;150.207;-3.42;-1.0000;STOP_LOSS;true;1.1027;true;false;false;true;false;true;false;false;false;false;false;0.9758;0.4085;1.1027;1.00;0.00;NEW_YORK;1;3
238;USDJPY;BACKTEST;v1.0;BUY;2025-09-04 05:30:00;2025-09-05 01:52:39;148.227;148.227;148.227;148.980;20.46;0.0000;STOP_LOSS;false;1.0333;true;false;false;true;false;true;false;false;false;false;false;0.8411;0.5581;1.0333;1.00;0.00;ASIA;5;4
239;USDJPY;BACKTEST;v1.0;BUY;2025-09-10 14:00:00;2025-09-11 15:19:45;147.547;147.056;147.056;149.020;-3.14;-1.0000;STOP_LOSS;false;0.9221;true;true;false;true;false;true;false;true;false;false;false;2.4297;0.9047;0.9221;1.00;0.00;NEW_YORK;14;3
240;USDJPY;BACKTEST;v1.0;BUY;2025-09-11 15:25:00;2025-09-11 15:42:30;147.119;146.994;146.994;147.494;-170.07;-1.0000;STOP_LOSS;false;0.9164;true;true;false;true;false;true;false;true;false;false;false;2.4828;0.6514;0.9164;1.00;0.00;NEW_YORK;15;4
241;USDJPY;BACKTEST;v1.0;BUY;2025-09-11 15:45:00;2025-09-11 16:26:03;147.070;147.070;147.070;147.448;0.00;0.0000;STOP_LOSS;false;0.9421;true;true;false;true;false;false;true;true;false;false;false;2.5691;0.0214;0.9421;1.00;0.00;NEW_YORK;15;4
242;USDJPY;BACKTEST;v1.0;BUY;2025-09-12 03:45:00;2025-09-12 19:43:40;147.482;147.482;147.482;148.628;0.00;0.0000;STOP_LOSS;false;0.5385;true;true;false;true;false;false;true;false;false;false;false;0.7903;0.2365;0.5385;1.00;0.00;NEW_YORK;3;5
243;USDJPY;BACKTEST;v1.0;BUY;2025-09-12 19:45:00;2025-09-12 21:38:18;147.501;147.711;147.501;147.711;568.67;0.0000;TAKE_PROFIT;false;1.0426;true;false;true;true;false;true;false;false;true;false;false;0.5916;1.0506;1.0426;1.00;0.00;OFF_HOURS;19;5
